destination,Country,Continent,type,cost,Best Season,rating,Annual Visitors (M),UNESCO Site,activities,duration,total_cost,type_encoded,continent_encoded
Serene Temple,Morocco,Africa,Beach,174.84,Summer,4.5,7.45,No,"Shopping,Surfing,Skiing",3,524.52,1,0
Sacred Valley,Germany,Europe,Religious,94.41,Summer,4.6,1.98,No,Surfing,11,1038.51,5,2
Serene Temple,South Africa,Africa,Adventure,228.96,Summer,4.7,0.7,Yes,"Trekking,Museum",10,2289.6,0,0
Sacred Plaza,Australia,Oceania,Nature,120.96,Summer,4.3,2.24,No,Sightseeing,9,1088.6399999999999,4,4
Golden Ruins,Mexico,North America,Adventure,162.1,Spring,3.9,4.6,No,"Beach Volley,Surfing",10,1621.0,0,3
Hidden Valley,Thailand,Asia,Historical,190.82,Spring,4.0,1.83,Yes,"Sightseeing,Museum,Beach Volley",9,1717.3799999999999,3,1
Hidden Park,Spain,Europe,Adventure,104.6,Summer,4.1,4.83,No,"Food Tour,Trekking,Beach Volley",4,418.4,0,2
Grand Valley,Brazil,South America,Beach,118.53,Autumn,4.7,5.39,No,Sightseeing,6,711.1800000000001,1,5
Ancient Beach,New Zealand,Oceania,Historical,122.78,Spring,4.5,6.27,No,Beach Volley,7,859.46,3,4
Serene Valley,Kenya,Africa,City,119.99,Spring,4.8,1.43,No,"Surfing,Sightseeing,Skiing",14,1679.86,2,0
Hidden Ruins,China,Asia,Historical,119.91,Autumn,5.0,1.66,No,Surfing,13,1558.83,3,1
Ancient Park,Japan,Asia,Historical,123.32,Winter,4.5,9.14,No,Shopping,9,1109.8799999999999,3,1
Grand Canyon,Morocco,Africa,City,191.13,Winter,4.1,3.46,Yes,"Trekking,Skiing",6,1146.78,2,0
Golden Temple,Morocco,Africa,Religious,288.92,Winter,4.9,2.26,No,Food Tour,12,3467.04,5,0
Serene Park,Italy,Europe,Historical,186.92,Autumn,4.6,1.34,Yes,Surfing,10,1869.1999999999998,3,2
Lush Ruins,Peru,South America,City,99.55,Autumn,4.0,3.08,No,"Beach Volley,Museum,Food Tour",10,995.5,2,5
Sacred Canyon,Brazil,South America,City,126.97,Winter,4.8,3.17,No,"Museum,Sightseeing,Surfing",12,1523.6399999999999,2,5
Mystic Forest,South Africa,Africa,Adventure,93.47,Autumn,4.5,8.12,No,"Skiing,Food Tour,Beach Volley",10,934.7,0,0
Mystic Ruins,Vietnam,Asia,Beach,116.15,Summer,4.7,0.55,No,"Sightseeing,Beach Volley,Shopping",9,1045.3500000000001,1,1
Lush Forest,Kenya,Africa,Adventure,179.11,Summer,4.8,7.43,No,"Skiing,Beach Volley",11,1970.21,0,0
Ancient Forest,Brazil,South America,Nature,108.04,Summer,4.4,8.7,No,Sightseeing,11,1188.44,4,5
Grand Ruins,Brazil,South America,Religious,74.59,Spring,4.8,1.1,Yes,"Trekking,Beach Volley,Skiing",11,820.49,5,5
Mystic Forest,India,Asia,Beach,94.68,Spring,4.1,7.43,No,"Skiing,Food Tour",7,662.76,1,1
Sacred Park,Greece,Europe,Religious,191.74,Spring,4.6,4.99,No,Skiing,13,2492.62,5,2
Sacred Forest,Canada,North America,City,168.08,Spring,4.3,7.73,No,Sightseeing,9,1512.72,2,3
Ancient Falls,France,Europe,Nature,224.77,Spring,4.6,5.19,No,"Museum,Skiing",13,2922.01,4,2
Ancient Valley,Argentina,South America,City,30.0,Summer,4.7,0.74,Yes,"Trekking,Surfing,Beach Volley",11,330.0,2,5
Lush Forest,Vietnam,Asia,Beach,79.06,Winter,4.8,5.33,Yes,Sightseeing,7,553.4200000000001,1,1
Sacred Temple,USA,North America,Historical,139.02,Autumn,4.6,4.4,No,"Sightseeing,Shopping",9,1251.18,3,3
Sacred Pagoda,Argentina,South America,Adventure,110.54,Spring,4.7,1.23,No,"Sightseeing,Trekking,Beach Volley",11,1215.94,0,5
Golden Park,Greece,Europe,City,109.58,Winter,4.3,9.33,Yes,"Sightseeing,Skiing",4,438.32,2,2
Golden Temple,New Zealand,Oceania,City,175.07,Winter,4.8,8.78,Yes,"Beach Volley,Sightseeing,Shopping",14,2450.98,2,4
Serene Canyon,Spain,Europe,Beach,123.51,Spring,4.7,8.98,Yes,"Shopping,Trekking,Beach Volley",11,1358.6100000000001,1,2
Lush Temple,Kenya,Africa,Adventure,218.59,Winter,4.6,9.01,No,"Beach Volley,Shopping,Museum",14,3060.26,0,0
Grand Falls,Vietnam,Asia,Adventure,114.9,Winter,4.4,2.67,Yes,"Museum,Shopping",7,804.3000000000001,0,1
Golden Valley,Thailand,Asia,Adventure,213.69,Autumn,4.4,8.68,No,"Sightseeing,Food Tour,Trekking",6,1282.1399999999999,0,1
Ancient Temple,Italy,Europe,Adventure,150.26,Spring,4.4,4.47,No,Skiing,5,751.3,0,2
Mystic Canyon,Canada,North America,City,130.22,Autumn,4.4,3.71,Yes,Beach Volley,10,1302.2,2,3
Sacred Valley,India,Asia,City,141.94,Summer,4.6,5.43,No,Trekking,14,1987.1599999999999,2,1
Serene Ruins,Italy,Europe,Religious,102.85,Summer,4.9,9.73,No,"Beach Volley,Food Tour",12,1234.1999999999998,5,2
Grand Beach,Thailand,Asia,Adventure,54.06,Autumn,4.5,3.21,Yes,"Skiing,Food Tour,Beach Volley",4,216.24,0,1
Crystal Pagoda,USA,North America,Adventure,155.12,Summer,4.4,5.28,No,"Trekking,Skiing",4,620.48,0,3
Crystal Temple,Argentina,South America,Adventure,140.38,Autumn,4.6,1.88,Yes,Skiing,13,1824.94,0,5
Golden Beach,Italy,Europe,Nature,166.99,Summer,4.5,2.8,No,"Skiing,Sightseeing,Shopping",3,500.97,4,2
Sacred Valley,South Africa,Africa,Adventure,207.14,Winter,4.7,2.76,Yes,"Food Tour,Trekking",3,621.42,0,0
Serene Plaza,USA,North America,Beach,109.91,Summer,4.9,6.51,No,Surfing,9,989.1899999999999,1,3
Golden Park,Greece,Europe,Nature,179.34,Winter,5.0,1.36,No,Museum,12,2152.08,4,2
Serene Falls,Spain,Europe,Adventure,125.33,Spring,4.8,2.27,No,"Trekking,Sightseeing",14,1754.62,0,2
Crystal Pagoda,Mexico,North America,Historical,154.98,Autumn,4.3,6.94,Yes,"Skiing,Sightseeing,Food Tour",7,1084.86,3,3
Ancient Valley,Peru,South America,Beach,150.46,Summer,4.4,2.65,No,"Skiing,Museum,Food Tour",4,601.84,1,5
Hidden Valley,New Zealand,Oceania,City,96.88,Spring,4.6,7.06,Yes,"Trekking,Surfing",8,775.04,2,4
Sacred Canyon,Mexico,North America,Historical,181.03,Spring,4.5,1.81,Yes,"Beach Volley,Sightseeing",14,2534.42,3,3
Sacred Canyon,Egypt,Africa,Religious,110.84,Summer,4.4,9.28,No,Food Tour,11,1219.24,5,0
Ancient Forest,Kenya,Africa,Beach,132.16,Winter,4.7,6.77,Yes,"Surfing,Trekking",14,1850.24,1,0
Hidden Temple,Germany,Europe,Historical,161.37,Spring,4.9,5.53,No,Trekking,10,1613.7,3,2
Crystal Beach,Kenya,Africa,Religious,133.78,Spring,4.4,9.02,No,"Skiing,Surfing",10,1337.8,5,0
Golden Beach,Spain,Europe,Religious,162.99,Autumn,4.7,3.72,No,"Surfing,Food Tour,Beach Volley",4,651.96,5,2
Lush Forest,Peru,South America,City,214.97,Spring,4.2,9.02,Yes,Trekking,7,1504.79,2,5
Mystic Forest,Thailand,Asia,Nature,162.52,Summer,4.6,6.6,Yes,"Museum,Sightseeing,Food Tour",14,2275.28,4,1
Golden Canyon,Italy,Europe,Historical,161.31,Winter,4.8,0.59,No,"Food Tour,Surfing",14,2258.34,3,2
Serene Valley,Japan,Asia,Beach,164.65,Spring,4.3,0.55,Yes,"Food Tour,Beach Volley",7,1152.55,1,1
Mystic Temple,Japan,Asia,Nature,158.74,Autumn,4.1,7.07,No,Surfing,11,1746.14,4,1
Hidden Plaza,USA,North America,City,90.43,Autumn,4.7,7.27,Yes,"Museum,Trekking",7,633.01,2,3
Ancient Plaza,Kenya,Africa,Religious,112.44,Winter,4.2,7.59,Yes,Surfing,8,899.52,5,0
Lush Falls,Italy,Europe,Adventure,198.17,Winter,4.6,6.75,Yes,Beach Volley,13,2576.21,0,2
Serene Plaza,Argentina,South America,City,106.62,Winter,4.5,3.99,Yes,"Beach Volley,Museum,Sightseeing",3,319.86,2,5
Crystal Falls,Peru,South America,Historical,105.52,Summer,4.3,9.74,No,"Sightseeing,Shopping,Skiing",6,633.12,3,5
Sacred Falls,Morocco,Africa,Nature,193.93,Autumn,4.4,6.5,No,"Surfing,Museum",5,969.6500000000001,4,0
Crystal Beach,France,Europe,Beach,150.65,Spring,4.9,5.98,Yes,"Trekking,Shopping,Sightseeing",6,903.9000000000001,1,2
Hidden Plaza,Greece,Europe,Nature,79.68,Autumn,4.5,7.36,No,"Shopping,Food Tour",8,637.44,4,2
Serene Canyon,Egypt,Africa,Nature,96.46,Summer,4.6,9.43,No,"Surfing,Beach Volley",7,675.2199999999999,4,0
Sacred Temple,Italy,Europe,Religious,143.79,Autumn,4.7,9.68,Yes,"Sightseeing,Surfing",3,431.37,5,2
Hidden Park,Japan,Asia,Adventure,107.66,Summer,4.0,8.59,No,"Shopping,Museum",3,322.98,0,1
Crystal Forest,Peru,South America,Religious,103.7,Summer,4.3,5.79,No,"Museum,Shopping,Trekking",9,933.3000000000001,5,5
Crystal Forest,Argentina,South America,Religious,158.66,Autumn,4.6,5.92,No,"Sightseeing,Skiing",10,1586.6,5,5
Grand Ruins,Germany,Europe,City,161.55,Autumn,4.3,9.91,No,"Surfing,Shopping,Beach Volley",13,2100.15,2,2
Golden Canyon,Egypt,Africa,Nature,152.91,Spring,4.2,8.84,No,"Skiing,Sightseeing",8,1223.28,4,0
Hidden Pagoda,Argentina,South America,City,193.62,Autumn,4.8,7.17,No,Shopping,5,968.1,2,5
Mystic Valley,India,Asia,Adventure,81.12,Winter,4.2,8.19,No,"Trekking,Shopping,Food Tour",4,324.48,0,1
Serene Canyon,Argentina,South America,Nature,165.22,Spring,4.6,9.18,Yes,"Museum,Sightseeing,Surfing",13,2147.86,4,5
Serene Pagoda,Mexico,North America,City,175.75,Winter,5.0,8.08,Yes,"Sightseeing,Skiing,Shopping",9,1581.75,2,3
Serene Plaza,Egypt,Africa,Beach,216.54,Autumn,4.8,8.06,No,"Shopping,Surfing,Food Tour",11,2381.94,1,0
Golden Valley,Vietnam,Asia,Adventure,134.24,Winter,4.7,4.07,Yes,"Skiing,Museum,Beach Volley",6,805.44,0,1
Sacred Pagoda,Thailand,Asia,City,158.25,Winter,4.2,0.84,No,"Skiing,Sightseeing,Shopping",10,1582.5,2,1
Ancient Pagoda,Italy,Europe,Nature,265.73,Winter,3.9,3.22,No,"Surfing,Trekking",8,2125.84,4,2
Lush Park,Germany,Europe,Adventure,129.27,Spring,4.5,0.85,No,"Trekking,Sightseeing",12,1551.2400000000002,0,2
Lush Pagoda,Australia,Oceania,Adventure,126.4,Autumn,4.8,1.71,No,Sightseeing,14,1769.6000000000001,0,4
Sacred Pagoda,Brazil,South America,City,228.02,Spring,4.5,2.55,No,Skiing,9,2052.1800000000003,2,5
Crystal Temple,Morocco,Africa,City,113.48,Spring,4.6,0.99,No,Food Tour,12,1361.76,2,0
Ancient Ruins,Brazil,South America,Historical,269.45,Spring,5.0,6.56,No,Museum,12,3233.3999999999996,3,5
Serene Valley,Germany,Europe,City,48.74,Autumn,4.6,8.05,No,Skiing,6,292.44,2,2
Grand Beach,Thailand,Asia,Adventure,127.78,Spring,4.0,1.25,No,"Sightseeing,Skiing",7,894.46,0,1
Golden Park,Canada,North America,Adventure,175.25,Autumn,4.8,4.39,No,Shopping,3,525.75,0,3
Crystal Plaza,China,Asia,Adventure,133.29,Summer,4.4,2.88,No,"Museum,Skiing",12,1599.48,0,1
Crystal Plaza,Thailand,Asia,Nature,238.27,Winter,4.6,6.77,No,"Surfing,Food Tour",14,3335.78,4,1
Grand Ruins,Vietnam,Asia,Beach,168.86,Autumn,5.0,6.31,No,"Beach Volley,Food Tour,Sightseeing",7,1182.02,1,1
Golden Valley,India,Asia,City,74.03,Summer,4.4,3.88,No,Shopping,4,296.12,2,1
Mystic Beach,Morocco,Africa,Adventure,138.13,Winter,5.0,1.43,No,"Skiing,Food Tour,Sightseeing",7,966.91,0,0
Hidden Falls,Brazil,South America,Adventure,30.0,Spring,4.2,2.15,Yes,"Shopping,Sightseeing,Surfing",7,210.0,0,5
Ancient Pagoda,China,Asia,Historical,50.25,Autumn,4.1,6.35,Yes,"Food Tour,Surfing,Trekking",12,603.0,3,1
Hidden Temple,France,Europe,Religious,128.0,Summer,4.5,4.06,No,Beach Volley,9,1152.0,5,2
Serene Temple,Morocco,Africa,Beach,152.93,Summer,5.0,8.64,No,Trekking,7,1070.51,1,0
Lush Valley,France,Europe,Nature,100.92,Winter,4.6,1.17,Yes,"Museum,Surfing",7,706.44,4,2
Hidden Ruins,South Africa,Africa,City,139.88,Autumn,4.5,6.06,No,"Sightseeing,Museum,Surfing",12,1678.56,2,0
Mystic Canyon,Egypt,Africa,Nature,155.68,Summer,4.7,4.19,No,"Surfing,Beach Volley,Trekking",10,1556.8000000000002,4,0
Grand Plaza,Greece,Europe,Nature,119.24,Summer,5.0,5.68,No,"Beach Volley,Trekking",11,1311.6399999999999,4,2
Crystal Park,Canada,North America,Beach,142.41,Winter,4.7,9.63,Yes,Surfing,14,1993.74,1,3
Grand Falls,Greece,Europe,Nature,125.68,Summer,4.6,3.53,No,Surfing,11,1382.48,4,2
Grand Pagoda,Spain,Europe,Nature,120.53,Spring,4.8,1.62,Yes,"Surfing,Skiing,Shopping",3,361.59000000000003,4,2
Lush Ruins,Greece,Europe,Adventure,197.6,Spring,4.9,8.84,No,"Museum,Surfing,Trekking",13,2568.7999999999997,0,2
Sacred Pagoda,Thailand,Asia,City,190.64,Spring,4.7,3.18,No,"Sightseeing,Food Tour",11,2097.04,2,1
Serene Valley,India,Asia,Adventure,177.59,Spring,4.3,8.16,No,"Shopping,Skiing,Sightseeing",11,1953.49,0,1
Grand Falls,Brazil,South America,Adventure,148.95,Winter,4.5,4.03,No,"Beach Volley,Food Tour,Sightseeing",6,893.6999999999999,0,5
Serene Falls,France,Europe,Adventure,116.54,Spring,4.8,9.34,Yes,"Skiing,Museum,Food Tour",9,1048.8600000000001,0,2
Crystal Forest,Brazil,South America,Historical,139.12,Spring,4.8,7.63,No,"Beach Volley,Shopping",10,1391.2,3,5
Grand Pagoda,France,Europe,Nature,129.6,Winter,4.6,9.07,Yes,Skiing,9,1166.3999999999999,4,2
Lush Pagoda,New Zealand,Oceania,City,215.27,Autumn,4.5,3.54,No,"Food Tour,Skiing",13,2798.51,2,4
Serene Canyon,France,Europe,Beach,138.04,Spring,4.8,0.6,Yes,Trekking,11,1518.4399999999998,1,2
Sacred Falls,Kenya,Africa,Nature,166.21,Spring,4.5,9.53,No,"Skiing,Shopping,Museum",7,1163.47,4,0
Lush Canyon,Thailand,Asia,Religious,245.62,Spring,4.8,4.76,No,"Surfing,Trekking",14,3438.6800000000003,5,1
Serene Falls,Argentina,South America,Historical,99.7,Winter,4.1,6.89,Yes,Surfing,8,797.6,3,5
Lush Canyon,Greece,Europe,Religious,188.53,Winter,4.7,8.0,Yes,"Trekking,Surfing",10,1885.3,5,2
Serene Canyon,South Africa,Africa,Nature,149.39,Spring,4.2,1.05,No,"Skiing,Surfing",6,896.3399999999999,4,0
Sacred Ruins,Mexico,North America,Historical,45.5,Winter,5.0,8.93,No,Surfing,7,318.5,3,3
Mystic Pagoda,Brazil,South America,Beach,108.73,Summer,4.4,1.86,No,Surfing,7,761.11,1,5
Lush Falls,Greece,Europe,Beach,180.69,Spring,4.9,1.46,No,"Beach Volley,Food Tour,Shopping",10,1806.9,1,2
Lush Valley,USA,North America,Beach,162.25,Spring,4.3,1.19,No,Trekking,4,649.0,1,3
Golden Ruins,Spain,Europe,Adventure,177.96,Autumn,4.8,1.27,Yes,"Skiing,Food Tour",3,533.88,0,2
Serene Valley,Germany,Europe,Nature,77.6,Spring,4.1,8.22,Yes,Sightseeing,8,620.8,4,2
Grand Pagoda,New Zealand,Oceania,Adventure,116.79,Winter,4.9,1.29,No,Sightseeing,11,1284.69,0,4
Golden Park,India,Asia,Historical,165.55,Autumn,4.9,4.53,No,"Trekking,Beach Volley,Shopping",12,1986.6000000000001,3,1
Ancient Ruins,Greece,Europe,City,134.88,Winter,4.5,4.95,Yes,"Beach Volley,Food Tour",7,944.16,2,2
Grand Pagoda,Mexico,North America,City,166.14,Summer,4.3,7.59,Yes,"Sightseeing,Trekking,Shopping",6,996.8399999999999,2,3
Crystal Canyon,Egypt,Africa,Adventure,174.63,Spring,4.5,4.06,Yes,Surfing,9,1571.67,0,0
Serene Plaza,India,Asia,Beach,184.51,Winter,4.4,2.62,No,"Skiing,Sightseeing",10,1845.1,1,1
Crystal Ruins,Greece,Europe,Nature,153.48,Winter,4.8,9.93,No,"Trekking,Shopping,Skiing",14,2148.72,4,2
Crystal Pagoda,Spain,Europe,Beach,154.88,Winter,4.3,9.71,No,Skiing,11,1703.6799999999998,1,2
Crystal Forest,Greece,Europe,Adventure,263.79,Spring,4.6,7.11,No,Beach Volley,8,2110.32,0,2
Golden Plaza,New Zealand,Oceania,Adventure,257.66,Autumn,4.3,6.05,Yes,"Skiing,Museum",5,1288.3000000000002,0,4
Serene Park,Peru,South America,Nature,144.45,Spring,4.8,6.39,Yes,"Museum,Surfing,Beach Volley",12,1733.3999999999999,4,5
Mystic Pagoda,South Africa,Africa,Beach,108.01,Spring,4.3,4.91,No,"Shopping,Trekking,Skiing",14,1512.14,1,0
Mystic Park,Australia,Oceania,Religious,201.63,Autumn,4.0,1.24,No,Museum,6,1209.78,5,4
Lush Falls,Thailand,Asia,Religious,167.09,Autumn,5.0,3.44,No,"Museum,Sightseeing",14,2339.26,5,1
Mystic Falls,Thailand,Asia,Historical,178.57,Spring,4.8,2.04,No,"Trekking,Surfing,Beach Volley",3,535.71,3,1
Grand Forest,Thailand,Asia,Religious,83.99,Autumn,5.0,9.36,Yes,"Trekking,Shopping",14,1175.86,5,1
Hidden Valley,Italy,Europe,Adventure,146.32,Summer,4.4,8.2,No,"Trekking,Sightseeing,Museum",10,1463.1999999999998,0,2
Sacred Pagoda,China,Asia,Nature,64.34,Summer,4.9,9.71,No,"Food Tour,Beach Volley,Skiing",12,772.08,4,1
Lush Pagoda,Thailand,Asia,Beach,163.78,Winter,4.6,4.95,No,"Trekking,Skiing",9,1474.02,1,1
Crystal Pagoda,Italy,Europe,City,70.28,Spring,4.3,1.04,No,Food Tour,14,983.9200000000001,2,2
Serene Ruins,Vietnam,Asia,Beach,162.97,Summer,4.6,10.0,No,"Shopping,Food Tour,Sightseeing",14,2281.58,1,1
Ancient Temple,Argentina,South America,Nature,150.26,Summer,4.5,7.81,No,"Shopping,Trekking,Skiing",8,1202.08,4,5
Mystic Pagoda,Greece,Europe,Adventure,134.35,Summer,4.0,1.73,No,Shopping,5,671.75,0,2
Lush Pagoda,Argentina,South America,Nature,156.01,Spring,4.7,2.67,No,"Skiing,Beach Volley",9,1404.09,4,5
Sacred Ruins,Mexico,North America,Adventure,203.02,Winter,5.0,3.9,No,Trekking,7,1421.14,0,3
Sacred Canyon,Spain,Europe,Historical,166.62,Autumn,4.3,5.44,No,"Trekking,Sightseeing",5,833.1,3,2
Lush Ruins,France,Europe,Historical,155.74,Spring,5.0,8.6,No,"Shopping,Food Tour",11,1713.14,3,2
Sacred Forest,India,Asia,Nature,253.04,Autumn,5.0,8.83,No,"Museum,Surfing,Shopping",6,1518.24,4,1
Serene Park,China,Asia,Adventure,98.98,Spring,4.4,0.77,No,"Food Tour,Beach Volley",11,1088.78,0,1
Lush Plaza,China,Asia,City,182.27,Autumn,4.9,7.19,Yes,"Sightseeing,Food Tour",14,2551.78,2,1
Golden Ruins,China,Asia,Religious,128.32,Winter,4.4,0.64,No,"Shopping,Surfing,Sightseeing",8,1026.56,5,1
Lush Valley,Australia,Oceania,Nature,202.92,Spring,4.0,4.23,No,"Museum,Food Tour,Sightseeing",7,1420.4399999999998,4,4
Grand Ruins,Australia,Oceania,Adventure,194.3,Summer,4.5,3.81,No,"Museum,Sightseeing,Skiing",12,2331.6000000000004,0,4
Grand Valley,Spain,Europe,Adventure,225.12,Spring,4.5,4.27,No,"Sightseeing,Beach Volley,Food Tour",5,1125.6,0,2
Lush Forest,Peru,South America,Religious,199.08,Autumn,4.6,9.52,No,"Museum,Trekking",11,2189.88,5,5
Crystal Temple,Italy,Europe,Nature,64.83,Summer,4.5,4.86,Yes,Shopping,6,388.98,4,2
Ancient Pagoda,Spain,Europe,Adventure,149.69,Summer,4.6,3.62,No,"Museum,Surfing,Sightseeing",5,748.45,0,2
Golden Falls,USA,North America,Religious,84.78,Spring,4.7,1.22,No,Food Tour,10,847.8,5,3
Mystic Temple,Italy,Europe,Historical,94.94,Spring,4.6,3.78,No,"Food Tour,Museum",12,1139.28,3,2
Ancient Park,Australia,Oceania,Adventure,146.87,Winter,4.8,6.84,Yes,Trekking,4,587.48,0,4
Mystic Temple,China,Asia,Nature,127.67,Winter,4.4,0.89,No,Shopping,4,510.68,4,1
Golden Pagoda,India,Asia,Religious,123.49,Spring,4.3,2.18,No,Museum,11,1358.3899999999999,5,1
Hidden Park,Argentina,South America,Religious,78.3,Winter,4.4,3.96,Yes,"Trekking,Shopping",12,939.5999999999999,5,5
Lush Canyon,Argentina,South America,Religious,248.24,Autumn,4.5,0.87,No,Sightseeing,3,744.72,5,5
Grand Park,Canada,North America,Adventure,175.73,Autumn,4.9,1.28,Yes,"Surfing,Beach Volley,Shopping",3,527.1899999999999,0,3
Crystal Beach,Japan,Asia,Nature,144.38,Spring,4.4,8.16,No,"Beach Volley,Sightseeing",4,577.52,4,1
Golden Park,Kenya,Africa,Adventure,113.18,Spring,4.7,2.49,Yes,"Trekking,Shopping,Museum",4,452.72,0,0
Hidden Temple,Vietnam,Asia,Historical,136.25,Winter,3.8,6.37,No,"Sightseeing,Shopping",4,545.0,3,1
Mystic Valley,Morocco,Africa,City,118.67,Spring,3.8,7.6,No,"Museum,Surfing,Shopping",3,356.01,2,0
Lush Beach,Morocco,Africa,Religious,178.83,Summer,4.6,5.36,No,"Museum,Skiing",13,2324.79,5,0
Crystal Falls,South Africa,Africa,Historical,101.39,Winter,4.5,4.75,Yes,Food Tour,14,1419.46,3,0
Sacred Falls,Thailand,Asia,City,69.68,Winter,4.6,3.06,Yes,Trekking,3,209.04000000000002,2,1
Crystal Pagoda,Australia,Oceania,Nature,140.65,Spring,4.5,3.56,No,Trekking,11,1547.15,4,4
Lush Valley,Argentina,South America,Religious,117.67,Spring,4.2,1.64,No,"Surfing,Trekking,Sightseeing",3,353.01,5,5
Sacred Falls,Germany,Europe,City,160.91,Autumn,4.8,6.95,No,Museum,11,1770.01,2,2
Ancient Pagoda,Spain,Europe,Adventure,149.6,Summer,4.9,1.33,Yes,"Beach Volley,Skiing",12,1795.1999999999998,0,2
Hidden Valley,Japan,Asia,Religious,268.72,Spring,4.8,7.58,No,Skiing,12,3224.6400000000003,5,1
Sacred Falls,Kenya,Africa,City,98.14,Autumn,4.4,3.2,Yes,Food Tour,3,294.42,2,0
Lush Canyon,Egypt,Africa,City,219.79,Summer,4.1,5.92,No,"Shopping,Trekking",6,1318.74,2,0
Golden Canyon,Morocco,Africa,Adventure,80.07,Summer,4.7,1.47,Yes,Food Tour,6,480.41999999999996,0,0
Sacred Ruins,Vietnam,Asia,Beach,127.09,Summer,4.3,2.03,Yes,"Sightseeing,Surfing",13,1652.17,1,1
Sacred Plaza,China,Asia,Adventure,120.38,Spring,4.2,2.15,No,"Shopping,Surfing,Skiing",11,1324.1799999999998,0,1
Ancient Pagoda,South Africa,Africa,Religious,30.0,Winter,4.7,9.83,No,"Beach Volley,Shopping",4,120.0,5,0
Hidden Temple,Egypt,Africa,Adventure,138.05,Spring,4.2,9.71,Yes,"Shopping,Museum",12,1656.6000000000001,0,0
Ancient Falls,India,Asia,Adventure,161.87,Winter,4.6,2.95,No,"Skiing,Food Tour",5,809.35,0,1
Crystal Temple,New Zealand,Oceania,Religious,175.05,Spring,4.2,9.33,Yes,Surfing,5,875.25,5,4
Golden Beach,Greece,Europe,Adventure,252.17,Summer,5.0,3.16,No,"Trekking,Sightseeing,Shopping",6,1513.02,0,2
Serene Valley,Peru,South America,City,116.87,Winter,4.7,3.57,No,"Shopping,Beach Volley",7,818.09,2,5
Serene Falls,New Zealand,Oceania,City,163.99,Winter,3.7,2.8,No,"Skiing,Surfing,Shopping",4,655.96,2,4
Mystic Ruins,Germany,Europe,Nature,162.99,Summer,4.2,3.24,Yes,Skiing,8,1303.92,4,2
Golden Ruins,New Zealand,Oceania,Historical,93.04,Winter,4.6,5.07,Yes,Beach Volley,6,558.24,3,4
Golden Ruins,France,Europe,Historical,117.41,Winter,4.5,3.7,No,Surfing,8,939.28,3,2
Sacred Valley,Brazil,South America,Beach,119.9,Winter,4.7,6.97,No,Sightseeing,5,599.5,1,5
Sacred Park,Spain,Europe,Adventure,176.49,Autumn,4.9,4.98,No,Trekking,5,882.45,0,2
Golden Forest,Greece,Europe,Adventure,61.49,Winter,4.2,9.33,No,"Surfing,Museum,Food Tour",9,553.41,0,2
Lush Plaza,Argentina,South America,Adventure,168.56,Summer,4.3,9.41,Yes,"Beach Volley,Food Tour",13,2191.28,0,5
Lush Valley,Thailand,Asia,Religious,174.4,Summer,5.0,8.5,No,"Museum,Surfing",3,523.2,5,1
Crystal Park,Spain,Europe,Historical,166.88,Winter,4.4,2.42,Yes,"Trekking,Shopping,Beach Volley",9,1501.92,3,2
Sacred Canyon,Morocco,Africa,Nature,134.08,Spring,4.4,8.24,No,"Sightseeing,Trekking",7,938.5600000000001,4,0
Ancient Forest,India,Asia,Nature,164.49,Autumn,5.0,3.91,Yes,"Trekking,Museum,Shopping",10,1644.9,4,1
Grand Falls,Canada,North America,Adventure,136.49,Autumn,4.8,8.26,No,Surfing,4,545.96,0,3
Hidden Plaza,India,Asia,Adventure,48.09,Autumn,4.2,4.9,No,Skiing,4,192.36,0,1
Mystic Pagoda,Peru,South America,Religious,202.58,Spring,4.2,5.28,No,"Museum,Sightseeing",10,2025.8000000000002,5,5
Ancient Falls,Spain,Europe,Beach,166.35,Summer,4.4,4.15,Yes,Skiing,14,2328.9,1,2
Sacred Forest,Germany,Europe,Nature,194.62,Summer,4.5,6.43,No,"Trekking,Shopping",12,2335.44,4,2
Grand Beach,Peru,South America,Religious,76.07,Summer,4.8,1.82,No,Surfing,3,228.20999999999998,5,5
Sacred Temple,Argentina,South America,Nature,175.47,Spring,4.9,5.57,No,"Sightseeing,Beach Volley,Surfing",5,877.35,4,5
Ancient Falls,Germany,Europe,Religious,159.09,Autumn,4.6,1.94,Yes,"Food Tour,Trekking",6,954.54,5,2
Serene Plaza,New Zealand,Oceania,Historical,95.43,Summer,4.3,7.57,No,"Skiing,Beach Volley,Trekking",3,286.29,3,4
Crystal Beach,New Zealand,Oceania,Nature,153.58,Summer,4.4,7.74,No,Shopping,9,1382.22,4,4
Hidden Beach,USA,North America,Historical,132.62,Spring,4.7,8.3,No,"Skiing,Beach Volley",13,1724.06,3,3
Golden Valley,USA,North America,City,136.51,Autumn,4.2,8.07,Yes,Beach Volley,7,955.5699999999999,2,3
Hidden Ruins,Australia,Oceania,City,128.63,Autumn,4.3,7.36,No,"Food Tour,Beach Volley",14,1800.82,2,4
Ancient Beach,Japan,Asia,Historical,193.48,Spring,4.9,7.09,No,Skiing,13,2515.24,3,1
Crystal Pagoda,Germany,Europe,City,68.39,Summer,4.6,3.78,No,"Beach Volley,Skiing",10,683.9,2,2
Grand Canyon,Kenya,Africa,Adventure,61.06,Autumn,4.9,4.89,No,"Shopping,Museum,Beach Volley",7,427.42,0,0
Ancient Canyon,Canada,North America,Nature,159.03,Summer,5.0,6.31,No,Beach Volley,12,1908.3600000000001,4,3
Crystal Beach,Kenya,Africa,Religious,155.47,Autumn,4.7,7.12,No,"Museum,Beach Volley,Shopping",11,1710.17,5,0
Crystal Temple,Mexico,North America,Adventure,160.84,Summer,4.6,1.95,Yes,Surfing,7,1125.88,0,3
Golden Pagoda,Germany,Europe,Historical,244.1,Spring,4.9,4.53,No,Trekking,10,2441.0,3,2
Serene Forest,Thailand,Asia,City,159.19,Winter,4.5,9.29,No,"Surfing,Beach Volley",12,1910.28,2,1
Golden Plaza,New Zealand,Oceania,Religious,100.52,Spring,4.5,9.86,Yes,Shopping,3,301.56,5,4
Grand Park,France,Europe,Adventure,276.93,Summer,4.7,4.29,No,Trekking,14,3877.02,0,2
Grand Beach,China,Asia,Religious,142.1,Autumn,4.4,8.13,Yes,"Trekking,Surfing",13,1847.3,5,1
Hidden Valley,Peru,South America,City,192.61,Autumn,3.8,9.24,No,"Food Tour,Surfing",11,2118.71,2,5
Grand Forest,Thailand,Asia,Beach,85.5,Winter,4.1,7.51,No,"Trekking,Food Tour,Museum",11,940.5,1,1
Serene Falls,Spain,Europe,Adventure,74.86,Spring,4.4,4.8,No,Beach Volley,6,449.15999999999997,0,2
Serene Falls,USA,North America,Beach,137.71,Summer,4.4,5.23,No,Beach Volley,10,1377.1000000000001,1,3
Mystic Canyon,Japan,Asia,Religious,190.22,Winter,4.5,3.94,Yes,Shopping,8,1521.76,5,1
Ancient Ruins,Canada,North America,City,242.45,Winter,4.8,0.62,No,"Museum,Surfing,Trekking",5,1212.25,2,3
Lush Park,Morocco,Africa,Adventure,99.14,Autumn,4.7,9.63,No,"Skiing,Museum",5,495.7,0,0
Hidden Ruins,Morocco,Africa,Religious,136.56,Spring,4.2,1.31,No,"Trekking,Beach Volley,Museum",14,1911.8400000000001,5,0
Crystal Canyon,India,Asia,Beach,150.03,Autumn,4.5,6.16,No,Museum,11,1650.33,1,1
Crystal Pagoda,South Africa,Africa,Beach,150.7,Spring,4.5,2.49,No,"Skiing,Sightseeing,Surfing",4,602.8,1,0
Crystal Valley,India,Asia,Beach,144.26,Summer,4.5,2.31,No,"Museum,Shopping",4,577.04,1,1
Sacred Beach,Morocco,Africa,Beach,148.36,Autumn,4.3,5.87,No,"Museum,Beach Volley,Skiing",14,2077.04,1,0
Lush Forest,India,Asia,Nature,219.43,Winter,3.7,4.69,No,Shopping,13,2852.59,4,1
Hidden Valley,Germany,Europe,Beach,212.3,Autumn,3.9,1.97,Yes,"Food Tour,Surfing,Beach Volley",7,1486.1000000000001,1,2
Lush Pagoda,Australia,Oceania,Religious,164.49,Winter,4.4,9.49,Yes,"Beach Volley,Sightseeing,Shopping",9,1480.41,5,4
Crystal Plaza,Australia,Oceania,Nature,79.62,Winter,4.3,6.62,No,"Surfing,Trekking",12,955.44,4,4
Hidden Valley,Thailand,Asia,Historical,131.91,Summer,4.5,1.98,No,Surfing,4,527.64,3,1
Mystic Falls,Peru,South America,Beach,196.78,Autumn,4.9,0.76,Yes,Surfing,7,1377.46,1,5
Crystal Plaza,Spain,Europe,Nature,114.78,Winter,4.3,6.88,No,Sightseeing,6,688.6800000000001,4,2
Grand Falls,Germany,Europe,Nature,123.77,Summer,4.6,6.7,No,Beach Volley,5,618.85,4,2
Grand Forest,Germany,Europe,Religious,132.47,Summer,4.4,2.81,No,Skiing,11,1457.17,5,2
Serene Falls,Japan,Asia,Beach,185.55,Spring,4.6,8.39,No,"Beach Volley,Surfing,Trekking",7,1298.8500000000001,1,1
Mystic Valley,Vietnam,Asia,City,232.32,Winter,4.2,2.45,No,"Sightseeing,Beach Volley",5,1161.6,2,1
Mystic Park,Argentina,South America,Beach,179.66,Summer,4.4,0.62,No,"Sightseeing,Trekking",7,1257.62,1,5
Mystic Pagoda,China,Asia,City,66.51,Winter,5.0,8.98,Yes,"Museum,Shopping",6,399.06000000000006,2,1
Serene Pagoda,Italy,Europe,Adventure,123.86,Spring,4.8,2.96,No,Beach Volley,12,1486.32,0,2
Serene Canyon,Egypt,Africa,Historical,215.79,Autumn,4.0,3.05,Yes,"Surfing,Skiing",12,2589.48,3,0
Lush Pagoda,Vietnam,Asia,City,85.98,Spring,5.0,5.74,No,"Sightseeing,Food Tour,Museum",12,1031.76,2,1
Serene Park,Argentina,South America,Adventure,62.33,Autumn,4.3,9.51,No,"Beach Volley,Food Tour",13,810.29,0,5
Hidden Forest,Germany,Europe,Historical,122.75,Summer,4.6,8.75,No,"Museum,Sightseeing",7,859.25,3,2
Mystic Canyon,Greece,Europe,Religious,198.59,Summer,4.5,8.1,Yes,"Trekking,Sightseeing",9,1787.31,5,2
Ancient Temple,India,Asia,Nature,131.82,Winter,4.5,3.05,No,"Skiing,Beach Volley,Sightseeing",14,1845.48,4,1
Grand Forest,India,Asia,Historical,257.76,Summer,4.7,2.95,No,Shopping,6,1546.56,3,1
Hidden Temple,Japan,Asia,City,158.54,Autumn,4.4,9.85,No,"Food Tour,Shopping",9,1426.86,2,1
Hidden Ruins,France,Europe,Historical,85.58,Summer,4.5,3.09,No,"Surfing,Sightseeing",13,1112.54,3,2
Lush Ruins,Germany,Europe,Beach,159.79,Spring,4.2,3.1,No,Shopping,3,479.37,1,2
Golden Canyon,Vietnam,Asia,Adventure,250.28,Summer,4.7,8.38,No,"Surfing,Sightseeing",9,2252.52,0,1
Crystal Temple,Canada,North America,City,162.8,Autumn,4.8,6.2,Yes,"Beach Volley,Surfing,Skiing",13,2116.4,2,3
Lush Valley,Argentina,South America,Beach,99.81,Summer,4.7,9.19,Yes,"Beach Volley,Shopping,Food Tour",3,299.43,1,5
Serene Ruins,Greece,Europe,Adventure,57.96,Summer,4.1,5.43,No,"Trekking,Skiing",13,753.48,0,2
Serene Park,Argentina,South America,Adventure,132.6,Summer,4.6,6.23,No,Museum,9,1193.3999999999999,0,5
Hidden Valley,Thailand,Asia,City,119.42,Summer,4.1,3.24,No,"Shopping,Sightseeing",3,358.26,2,1
Lush Beach,Australia,Oceania,Nature,217.07,Summer,4.2,3.32,No,Sightseeing,3,651.21,4,4
Golden Falls,Morocco,Africa,Adventure,102.53,Spring,5.0,6.8,Yes,Trekking,3,307.59000000000003,0,0
Ancient Park,Spain,Europe,Historical,154.77,Winter,4.6,2.54,No,"Museum,Shopping",12,1857.2400000000002,3,2
Hidden Ruins,Peru,South America,City,121.22,Summer,4.5,5.22,No,"Surfing,Trekking,Beach Volley",9,1090.98,2,5
Mystic Valley,Kenya,Africa,Adventure,65.52,Autumn,4.8,7.82,No,"Food Tour,Surfing,Museum",12,786.24,0,0
Serene Beach,India,Asia,Beach,148.25,Spring,5.0,7.04,Yes,"Museum,Trekking",11,1630.75,1,1
Sacred Pagoda,Peru,South America,Historical,72.1,Autumn,4.4,8.28,No,"Food Tour,Museum",9,648.9,3,5
Golden Falls,Brazil,South America,Beach,181.62,Winter,4.8,3.09,Yes,Sightseeing,10,1816.2,1,5
Grand Pagoda,Brazil,South America,Beach,61.86,Spring,4.8,1.37,No,"Shopping,Museum,Sightseeing",13,804.18,1,5
Lush Falls,China,Asia,Historical,146.28,Winter,4.7,2.26,No,"Museum,Surfing",14,2047.92,3,1
Ancient Plaza,Australia,Oceania,Historical,203.23,Summer,4.5,7.46,No,Skiing,11,2235.5299999999997,3,4
Ancient Falls,Egypt,Africa,City,177.99,Spring,4.8,7.08,No,"Shopping,Sightseeing",7,1245.93,2,0
Grand Ruins,Kenya,Africa,Historical,127.31,Spring,4.7,5.15,No,"Trekking,Food Tour,Skiing",5,636.55,3,0
Hidden Park,India,Asia,Historical,171.48,Autumn,4.6,2.22,Yes,"Shopping,Surfing",5,857.4,3,1
Grand Falls,Thailand,Asia,Historical,190.92,Summer,4.5,0.82,Yes,"Surfing,Trekking,Food Tour",4,763.68,3,1
Mystic Park,Australia,Oceania,Religious,95.95,Winter,4.8,9.28,No,"Surfing,Skiing",9,863.5500000000001,5,4
Serene Falls,Kenya,Africa,Adventure,206.45,Summer,4.5,8.52,Yes,Skiing,12,2477.3999999999996,0,0
Lush Falls,Japan,Asia,Adventure,196.91,Summer,4.3,0.85,No,Skiing,8,1575.28,0,1
Sacred Falls,Japan,Asia,Adventure,79.74,Summer,4.7,1.65,No,Skiing,6,478.43999999999994,0,1
Ancient Beach,China,Asia,Historical,161.11,Spring,4.4,3.73,Yes,Food Tour,11,1772.21,3,1
Ancient Canyon,USA,North America,Adventure,136.95,Autumn,4.5,3.5,No,"Trekking,Shopping,Museum",12,1643.3999999999999,0,3
Crystal Pagoda,Brazil,South America,Religious,222.35,Autumn,4.6,3.53,Yes,Sightseeing,9,2001.1499999999999,5,5
Lush Ruins,Canada,North America,Beach,193.39,Winter,4.6,6.35,No,Shopping,7,1353.73,1,3
Ancient Forest,India,Asia,Beach,154.11,Spring,4.8,9.42,No,Food Tour,14,2157.54,1,1
Mystic Falls,New Zealand,Oceania,Historical,211.16,Spring,4.3,4.32,No,"Food Tour,Museum,Shopping",13,2745.08,3,4
Mystic Temple,Australia,Oceania,City,264.94,Summer,4.4,8.8,No,Beach Volley,12,3179.2799999999997,2,4
Hidden Pagoda,Vietnam,Asia,Beach,65.91,Spring,4.0,7.51,No,Beach Volley,13,856.8299999999999,1,1
Grand Pagoda,New Zealand,Oceania,City,128.99,Summer,4.4,3.87,Yes,"Skiing,Surfing",14,1805.8600000000001,2,4
Ancient Ruins,Australia,Oceania,Adventure,99.69,Autumn,4.2,2.72,No,"Sightseeing,Skiing,Food Tour",14,1395.6599999999999,0,4
Sacred Falls,Peru,South America,Religious,148.27,Summer,4.6,4.15,No,"Beach Volley,Museum,Skiing",3,444.81000000000006,5,5
Mystic Plaza,Germany,Europe,Nature,96.47,Winter,4.7,9.52,No,"Museum,Beach Volley,Surfing",4,385.88,4,2
Crystal Ruins,Australia,Oceania,Beach,199.22,Summer,4.4,9.47,No,"Sightseeing,Trekking,Skiing",14,2789.08,1,4
Sacred Canyon,USA,North America,Historical,265.49,Winter,4.3,2.09,No,Museum,10,2654.9,3,3
Sacred Canyon,Spain,Europe,Historical,158.32,Winter,4.6,6.27,No,"Skiing,Beach Volley",5,791.5999999999999,3,2
Ancient Forest,Germany,Europe,Religious,71.5,Spring,4.5,2.18,No,Sightseeing,8,572.0,5,2
Hidden Park,Morocco,Africa,City,118.84,Winter,4.3,7.91,Yes,"Food Tour,Surfing",10,1188.4,2,0
Crystal Temple,Italy,Europe,Beach,125.2,Summer,4.4,9.71,Yes,Shopping,11,1377.2,1,2
Sacred Canyon,South Africa,Africa,Adventure,221.03,Summer,4.3,7.11,No,"Beach Volley,Food Tour",5,1105.15,0,0
Grand Canyon,Morocco,Africa,Historical,167.18,Autumn,4.4,2.63,Yes,"Beach Volley,Museum,Trekking",11,1838.98,3,0
Grand Pagoda,India,Asia,Beach,160.15,Summer,4.0,6.13,Yes,"Shopping,Sightseeing,Museum",8,1281.2,1,1
Hidden Falls,India,Asia,City,107.99,Spring,4.5,8.84,No,Trekking,11,1187.8899999999999,2,1
Sacred Forest,Japan,Asia,Adventure,119.36,Winter,4.4,8.94,No,"Trekking,Shopping,Surfing",12,1432.32,0,1
Crystal Pagoda,Greece,Europe,Historical,177.17,Winter,4.8,5.73,No,"Trekking,Beach Volley",11,1948.87,3,2
Grand Park,Mexico,North America,City,141.15,Summer,4.3,4.04,Yes,"Shopping,Beach Volley,Skiing",6,846.9000000000001,2,3
Hidden Temple,Thailand,Asia,City,194.21,Winter,4.2,5.21,No,Trekking,13,2524.73,2,1
Crystal Pagoda,USA,North America,Adventure,124.12,Autumn,4.6,8.59,No,Surfing,8,992.96,0,3
Serene Temple,France,Europe,Beach,30.0,Autumn,4.2,6.13,No,"Food Tour,Skiing,Trekking",14,420.0,1,2
Lush Park,South Africa,Africa,Historical,125.53,Summer,4.8,6.94,Yes,Surfing,10,1255.3,3,0
Golden Valley,Morocco,Africa,Religious,68.03,Autumn,4.6,8.85,Yes,"Trekking,Museum",9,612.27,5,0
Grand Falls,Thailand,Asia,City,179.53,Spring,4.8,8.58,No,"Sightseeing,Beach Volley",9,1615.77,2,1
Serene Falls,Italy,Europe,Adventure,170.28,Summer,4.7,8.45,No,Beach Volley,14,2383.92,0,2
Lush Forest,New Zealand,Oceania,Historical,203.33,Summer,4.9,6.38,No,Surfing,6,1219.98,3,4
Ancient Plaza,Brazil,South America,Nature,117.54,Summer,4.6,8.87,Yes,"Skiing,Museum",14,1645.5600000000002,4,5
Serene Park,Japan,Asia,Historical,141.64,Spring,4.5,3.68,No,"Sightseeing,Food Tour,Skiing",9,1274.7599999999998,3,1
Mystic Falls,Australia,Oceania,Adventure,115.52,Summer,4.6,8.27,Yes,Museum,11,1270.72,0,4
Sacred Ruins,Vietnam,Asia,Nature,151.44,Autumn,4.9,0.56,Yes,"Sightseeing,Trekking,Shopping",9,1362.96,4,1
Crystal Park,Peru,South America,Nature,190.89,Spring,4.1,9.82,Yes,"Beach Volley,Shopping,Trekking",14,2672.46,4,5
Crystal Pagoda,Peru,South America,Nature,82.01,Autumn,4.7,6.52,No,Trekking,10,820.1,4,5
Grand Park,France,Europe,Historical,224.76,Spring,4.6,1.52,No,Food Tour,3,674.28,3,2
Crystal Park,Argentina,South America,Religious,162.47,Summer,5.0,9.65,No,Museum,10,1624.7,5,5
Mystic Forest,South Africa,Africa,City,210.45,Summer,4.1,9.35,No,"Skiing,Sightseeing",9,1894.05,2,0
Serene Beach,Morocco,Africa,Religious,127.68,Autumn,4.6,3.36,Yes,Skiing,7,893.76,5,0
Lush Falls,South Africa,Africa,Religious,131.85,Summer,4.6,6.03,Yes,Surfing,11,1450.35,5,0
Grand Forest,Thailand,Asia,City,209.75,Autumn,4.0,0.93,No,"Surfing,Beach Volley",5,1048.75,2,1
Sacred Temple,Egypt,Africa,Adventure,168.36,Summer,4.3,0.73,No,Shopping,14,2357.04,0,0
Hidden Ruins,New Zealand,Oceania,Historical,228.28,Autumn,4.5,6.99,No,"Beach Volley,Surfing,Skiing",13,2967.64,3,4
Crystal Park,India,Asia,Nature,64.95,Spring,4.4,9.97,No,"Museum,Surfing,Trekking",3,194.85000000000002,4,1
Crystal Temple,Vietnam,Asia,City,77.6,Winter,3.8,2.05,Yes,"Surfing,Museum,Sightseeing",13,1008.8,2,1
Lush Falls,Argentina,South America,Historical,182.43,Winter,4.8,2.6,No,"Skiing,Beach Volley",11,2006.73,3,5
Sacred Plaza,Vietnam,Asia,Historical,162.19,Spring,4.3,6.72,Yes,"Surfing,Trekking,Museum",7,1135.33,3,1
Crystal Valley,China,Asia,Historical,138.88,Winter,4.2,9.46,Yes,"Trekking,Sightseeing",8,1111.04,3,1
Serene Temple,Japan,Asia,Adventure,242.33,Spring,4.2,4.28,No,Sightseeing,10,2423.3,0,1
Serene Temple,New Zealand,Oceania,Historical,194.89,Spring,4.4,2.68,Yes,Shopping,5,974.4499999999999,3,4
Golden Valley,Italy,Europe,Religious,87.42,Winter,4.9,8.71,No,"Museum,Shopping,Beach Volley",7,611.94,5,2
Mystic Beach,Thailand,Asia,Historical,175.28,Autumn,4.5,2.26,Yes,"Trekking,Shopping",11,1928.08,3,1
Lush Pagoda,New Zealand,Oceania,City,167.14,Autumn,4.6,7.82,No,"Skiing,Trekking,Beach Volley",4,668.56,2,4
Golden Valley,Morocco,Africa,City,173.0,Spring,4.7,6.45,No,"Skiing,Museum,Sightseeing",9,1557.0,2,0
Golden Ruins,Morocco,Africa,Nature,159.83,Winter,4.7,8.07,No,Sightseeing,14,2237.6200000000003,4,0
Grand Pagoda,Thailand,Asia,City,98.46,Summer,4.5,1.69,No,"Trekking,Museum",5,492.29999999999995,2,1
Golden Canyon,USA,North America,Religious,116.18,Spring,5.0,2.4,No,Surfing,11,1277.98,5,3
Hidden Canyon,South Africa,Africa,Nature,112.96,Summer,4.5,6.03,No,"Food Tour,Museum",4,451.84,4,0
Mystic Forest,India,Asia,Religious,192.03,Autumn,4.3,3.45,No,"Museum,Trekking,Shopping",9,1728.27,5,1
Hidden Ruins,India,Asia,Historical,136.16,Winter,4.5,1.19,No,"Skiing,Sightseeing",8,1089.28,3,1
Golden Falls,India,Asia,Religious,127.38,Spring,3.8,6.2,No,Skiing,8,1019.04,5,1
Grand Plaza,Argentina,South America,Nature,201.18,Winter,4.2,8.67,Yes,"Surfing,Shopping,Beach Volley",5,1005.9000000000001,4,5
Ancient Ruins,Australia,Oceania,Historical,101.65,Summer,4.5,2.8,No,"Sightseeing,Shopping,Museum",14,1423.1000000000001,3,4
Golden Canyon,Germany,Europe,Adventure,270.1,Spring,4.5,7.17,No,Beach Volley,3,810.3000000000001,0,2
Hidden Canyon,China,Asia,City,138.95,Autumn,4.5,3.6,No,Museum,4,555.8,2,1
Hidden Temple,South Africa,Africa,Religious,106.18,Summer,4.5,3.83,Yes,"Trekking,Skiing",14,1486.52,5,0
Mystic Plaza,Italy,Europe,Religious,99.92,Summer,4.4,5.89,No,Trekking,5,499.6,5,2
Crystal Falls,Kenya,Africa,Nature,199.44,Spring,4.7,2.4,No,"Food Tour,Beach Volley",6,1196.6399999999999,4,0
Lush Ruins,Egypt,Africa,City,219.97,Winter,4.8,0.8,No,"Museum,Shopping",4,879.88,2,0
Sacred Pagoda,India,Asia,Religious,240.6,Spring,4.6,8.77,No,Surfing,12,2887.2,5,1
Ancient Forest,New Zealand,Oceania,Religious,194.76,Winter,4.7,3.72,No,"Beach Volley,Shopping,Skiing",5,973.8,5,4
Ancient Beach,India,Asia,Nature,155.73,Spring,4.8,8.26,Yes,"Food Tour,Surfing,Museum",10,1557.3,4,1
Mystic Ruins,New Zealand,Oceania,Nature,253.76,Winter,4.3,5.5,No,"Shopping,Trekking,Museum",12,3045.12,4,4
Serene Park,Peru,South America,Nature,131.52,Autumn,4.6,1.07,Yes,Food Tour,14,1841.2800000000002,4,5
Lush Ruins,Vietnam,Asia,Beach,117.43,Autumn,4.4,8.78,No,"Surfing,Beach Volley",8,939.44,1,1
Sacred Pagoda,Australia,Oceania,Adventure,98.42,Autumn,4.3,8.0,No,"Surfing,Food Tour,Skiing",8,787.36,0,4
Golden Temple,Kenya,Africa,Historical,148.78,Summer,5.0,5.78,No,"Skiing,Sightseeing",12,1785.3600000000001,3,0
Ancient Forest,South Africa,Africa,Beach,103.34,Summer,4.7,9.97,No,"Beach Volley,Food Tour",12,1240.08,1,0
Grand Ruins,Italy,Europe,Beach,151.9,Autumn,4.5,2.4,Yes,"Surfing,Shopping",3,455.70000000000005,1,2
Grand Pagoda,Germany,Europe,Religious,124.89,Autumn,4.6,0.79,No,Sightseeing,13,1623.57,5,2
Sacred Ruins,China,Asia,Adventure,137.13,Summer,4.0,8.75,No,"Surfing,Sightseeing",4,548.52,0,1
Sacred Plaza,Morocco,Africa,Historical,196.64,Summer,4.8,4.54,Yes,"Sightseeing,Surfing,Skiing",6,1179.84,3,0
Golden Canyon,Australia,Oceania,City,88.71,Winter,4.1,9.88,No,"Food Tour,Museum,Surfing",13,1153.23,2,4
Serene Temple,India,Asia,Religious,71.91,Autumn,5.0,7.39,No,Skiing,13,934.8299999999999,5,1
Ancient Beach,India,Asia,Historical,203.93,Winter,4.5,9.06,Yes,Skiing,6,1223.58,3,1
Ancient Valley,Kenya,Africa,Adventure,68.35,Summer,4.3,6.13,Yes,"Beach Volley,Sightseeing",9,615.15,0,0
Golden Temple,Egypt,Africa,Beach,223.83,Autumn,4.9,7.46,No,"Skiing,Shopping",11,2462.13,1,0
Serene Beach,Italy,Europe,Adventure,170.08,Autumn,4.3,9.14,Yes,Food Tour,6,1020.48,0,2
Hidden Park,Germany,Europe,Nature,122.48,Spring,4.3,9.73,Yes,"Museum,Beach Volley",10,1224.8,4,2
Mystic Forest,Egypt,Africa,Religious,166.19,Spring,4.4,5.18,Yes,"Sightseeing,Food Tour,Skiing",5,830.95,5,0
Sacred Park,Mexico,North America,Adventure,177.18,Spring,4.4,4.73,Yes,Beach Volley,5,885.9000000000001,0,3
Golden Falls,USA,North America,Religious,38.28,Autumn,4.6,6.13,No,"Shopping,Sightseeing,Beach Volley",5,191.4,5,3
Hidden Plaza,Morocco,Africa,Religious,131.88,Autumn,4.2,9.71,No,Skiing,14,1846.32,5,0
Sacred Pagoda,Thailand,Asia,City,190.36,Spring,4.1,3.59,No,"Museum,Trekking",5,951.8000000000001,2,1
Mystic Pagoda,Mexico,North America,City,126.61,Spring,4.6,9.71,No,"Shopping,Museum",8,1012.88,2,3
Sacred Forest,Italy,Europe,Nature,72.21,Autumn,4.4,1.2,No,Sightseeing,8,577.68,4,2
Hidden Valley,Germany,Europe,Adventure,153.84,Winter,4.1,3.7,Yes,"Skiing,Beach Volley,Sightseeing",5,769.2,0,2
Serene Beach,India,Asia,Historical,137.04,Summer,4.9,2.86,No,"Sightseeing,Surfing,Museum",6,822.24,3,1
Serene Park,Brazil,South America,Adventure,225.04,Summer,4.8,2.09,No,Skiing,10,2250.4,0,5
Hidden Canyon,Kenya,Africa,Nature,192.35,Winter,4.9,5.01,No,"Trekking,Beach Volley,Surfing",11,2115.85,4,0
Ancient Pagoda,France,Europe,City,169.1,Winter,4.6,6.06,No,Shopping,10,1691.0,2,2
Serene Forest,Mexico,North America,Religious,134.83,Winter,4.6,1.56,No,"Beach Volley,Skiing",8,1078.64,5,3
Hidden Canyon,Peru,South America,Historical,146.42,Autumn,4.5,5.55,No,Surfing,8,1171.36,3,5
Lush Falls,Brazil,South America,Historical,143.45,Autumn,4.2,9.37,No,"Skiing,Sightseeing,Beach Volley",12,1721.3999999999999,3,5
Serene Ruins,Canada,North America,Historical,153.93,Spring,3.9,0.89,No,"Skiing,Shopping",7,1077.51,3,3
Serene Falls,France,Europe,Historical,156.97,Autumn,4.6,8.75,Yes,"Skiing,Shopping",12,1883.6399999999999,3,2
Hidden Canyon,Mexico,North America,Adventure,199.9,Winter,3.6,5.14,No,"Museum,Sightseeing",10,1999.0,0,3
Hidden Ruins,Vietnam,Asia,Religious,106.44,Autumn,4.6,0.78,No,"Shopping,Surfing",6,638.64,5,1
Sacred Beach,Germany,Europe,Religious,205.41,Autumn,4.2,2.42,Yes,"Surfing,Shopping",3,616.23,5,2
Golden Beach,Australia,Oceania,Beach,163.83,Summer,4.3,4.72,No,"Beach Volley,Food Tour",7,1146.8100000000002,1,4
Mystic Beach,Thailand,Asia,City,140.47,Winter,4.6,7.08,Yes,"Shopping,Food Tour,Trekking",3,421.40999999999997,2,1
Lush Pagoda,Canada,North America,Nature,148.46,Autumn,5.0,6.37,No,"Trekking,Skiing,Sightseeing",10,1484.6000000000001,4,3
Sacred Canyon,France,Europe,Beach,160.05,Autumn,4.8,0.79,Yes,"Beach Volley,Skiing",13,2080.65,1,2
Grand Ruins,New Zealand,Oceania,Historical,159.88,Summer,4.6,6.93,No,"Surfing,Beach Volley,Museum",8,1279.04,3,4
Sacred Canyon,Greece,Europe,Beach,181.94,Winter,4.2,4.24,Yes,"Skiing,Food Tour,Shopping",3,545.8199999999999,1,2
Grand Pagoda,Japan,Asia,Historical,111.42,Autumn,4.6,6.75,Yes,"Museum,Surfing",10,1114.2,3,1
Ancient Beach,South Africa,Africa,City,146.79,Winter,4.6,8.77,Yes,"Shopping,Beach Volley",12,1761.48,2,0
Lush Beach,Spain,Europe,Adventure,167.03,Autumn,4.9,7.52,No,Sightseeing,13,2171.39,0,2
Grand Falls,Morocco,Africa,Beach,137.79,Winter,4.8,3.61,Yes,"Shopping,Skiing",12,1653.48,1,0
Lush Canyon,South Africa,Africa,Beach,202.35,Summer,4.7,7.74,Yes,Sightseeing,7,1416.45,1,0
Golden Ruins,Italy,Europe,Beach,135.12,Spring,4.9,8.27,No,Surfing,7,945.84,1,2
Grand Valley,Peru,South America,Beach,156.02,Winter,4.2,0.55,No,"Skiing,Surfing",14,2184.28,1,5
Grand Forest,Argentina,South America,City,95.19,Winter,4.1,4.26,No,"Shopping,Surfing",3,285.57,2,5
Ancient Forest,Peru,South America,Adventure,105.74,Winter,5.0,4.76,No,Food Tour,8,845.92,0,5
Ancient Falls,Japan,Asia,Beach,118.05,Summer,4.1,2.66,No,"Museum,Beach Volley,Trekking",5,590.25,1,1
Hidden Beach,Egypt,Africa,Nature,158.48,Autumn,4.3,6.85,No,Shopping,6,950.8799999999999,4,0
Hidden Forest,Morocco,Africa,Historical,115.59,Autumn,5.0,4.11,No,"Beach Volley,Food Tour,Museum",10,1155.9,3,0
Grand Valley,China,Asia,Adventure,152.96,Winter,4.8,5.05,No,"Surfing,Trekking,Museum",9,1376.64,0,1
Ancient Canyon,Egypt,Africa,Historical,80.52,Winter,4.0,6.01,No,Shopping,7,563.64,3,0
Hidden Falls,Germany,Europe,Adventure,266.43,Winter,4.7,7.77,No,Trekking,14,3730.02,0,2
Lush Falls,Greece,Europe,Beach,179.74,Summer,4.8,9.58,No,"Shopping,Skiing,Sightseeing",14,2516.36,1,2
Grand Pagoda,Brazil,South America,Beach,137.37,Winter,4.6,9.31,Yes,"Food Tour,Trekking",12,1648.44,1,5
Ancient Falls,New Zealand,Oceania,Nature,112.3,Autumn,4.4,5.12,Yes,"Skiing,Sightseeing,Trekking",8,898.4,4,4
Golden Canyon,New Zealand,Oceania,Beach,106.47,Spring,4.2,3.42,No,"Shopping,Sightseeing",4,425.88,1,4
Sacred Temple,Thailand,Asia,Adventure,158.99,Summer,4.9,3.46,No,"Museum,Sightseeing,Skiing",4,635.96,0,1
Mystic Ruins,South Africa,Africa,Nature,225.73,Winter,4.7,3.09,No,"Surfing,Museum,Food Tour",3,677.1899999999999,4,0
Ancient Ruins,Brazil,South America,Historical,100.88,Spring,4.4,2.22,No,Skiing,8,807.04,3,5
Ancient Falls,Thailand,Asia,Historical,101.54,Autumn,4.7,5.49,Yes,"Sightseeing,Surfing,Beach Volley",14,1421.5600000000002,3,1
Serene Pagoda,Brazil,South America,City,119.93,Autumn,4.6,5.89,No,"Beach Volley,Surfing,Museum",14,1679.02,2,5
Grand Falls,Greece,Europe,City,219.87,Spring,4.5,5.73,Yes,"Trekking,Sightseeing,Beach Volley",14,3078.1800000000003,2,2
Grand Park,Egypt,Africa,Adventure,156.26,Spring,4.4,9.54,No,Museum,3,468.78,0,0
Serene Pagoda,Germany,Europe,Historical,210.31,Spring,4.6,8.9,No,"Skiing,Shopping",13,2734.03,3,2
Crystal Pagoda,Peru,South America,City,114.9,Autumn,4.3,6.3,No,"Surfing,Skiing",9,1034.1000000000001,2,5
Grand Falls,South Africa,Africa,City,207.47,Spring,4.4,9.05,No,"Beach Volley,Museum",5,1037.35,2,0
Sacred Ruins,Greece,Europe,Nature,87.81,Winter,4.3,7.91,No,"Sightseeing,Shopping",6,526.86,4,2
Lush Temple,Kenya,Africa,Nature,190.15,Summer,4.3,4.53,No,Sightseeing,12,2281.8,4,0
Grand Pagoda,India,Asia,Historical,116.33,Summer,4.6,6.43,No,"Beach Volley,Museum,Surfing",8,930.64,3,1
Mystic Plaza,Germany,Europe,Religious,261.13,Spring,4.1,2.1,Yes,"Skiing,Food Tour",4,1044.52,5,2
Lush Park,China,Asia,Beach,181.69,Autumn,4.6,2.56,No,Food Tour,5,908.45,1,1
Hidden Forest,China,Asia,Nature,211.23,Autumn,5.0,5.69,No,Food Tour,5,1056.1499999999999,4,1
Serene Falls,Egypt,Africa,Religious,122.13,Summer,4.1,6.15,Yes,"Trekking,Museum",14,1709.82,5,0
Grand Falls,USA,North America,Religious,165.72,Summer,4.5,1.8,No,"Food Tour,Trekking,Shopping",9,1491.48,5,3
Serene Forest,Thailand,Asia,Beach,109.82,Summer,5.0,4.57,Yes,"Museum,Food Tour",6,658.92,1,1
Grand Pagoda,Australia,Oceania,Nature,198.82,Winter,4.8,9.92,No,Surfing,10,1988.1999999999998,4,4
Golden Pagoda,Kenya,Africa,Nature,178.45,Winter,5.0,3.1,No,"Sightseeing,Surfing,Food Tour",4,713.8,4,0
Ancient Valley,Greece,Europe,Historical,94.96,Autumn,4.3,3.87,No,"Trekking,Surfing,Beach Volley",13,1234.48,3,2
Serene Forest,Germany,Europe,Historical,151.7,Spring,4.3,1.14,No,"Shopping,Surfing,Skiing",11,1668.6999999999998,3,2
Lush Falls,Vietnam,Asia,Historical,118.91,Autumn,4.7,5.63,Yes,"Shopping,Food Tour",7,832.37,3,1
Ancient Beach,Spain,Europe,Historical,166.54,Summer,4.8,5.56,No,"Beach Volley,Shopping",12,1998.48,3,2
Mystic Temple,Peru,South America,Religious,91.37,Summer,4.1,6.86,No,"Museum,Surfing",12,1096.44,5,5
Grand Pagoda,Australia,Oceania,City,233.63,Winter,4.6,4.92,No,"Food Tour,Museum",4,934.52,2,4
Grand Plaza,Mexico,North America,Adventure,154.82,Winter,4.3,9.6,Yes,"Museum,Trekking,Skiing",6,928.92,0,3
Grand Plaza,France,Europe,Religious,176.94,Winter,4.2,2.41,No,"Food Tour,Sightseeing,Skiing",12,2123.2799999999997,5,2
Ancient Park,France,Europe,Religious,104.25,Winter,4.5,4.78,Yes,"Skiing,Museum",3,312.75,5,2
Serene Pagoda,Greece,Europe,Nature,113.22,Winter,4.9,6.82,No,"Trekking,Food Tour",9,1018.98,4,2
Hidden Park,Greece,Europe,Historical,123.3,Autumn,4.1,1.95,No,"Beach Volley,Shopping,Trekking",4,493.2,3,2
Hidden Falls,China,Asia,Nature,210.65,Autumn,4.5,5.45,No,"Trekking,Surfing",10,2106.5,4,1
Crystal Park,India,Asia,Nature,112.54,Winter,4.6,7.68,No,"Sightseeing,Trekking",5,562.7,4,1
Serene Canyon,South Africa,Africa,Beach,156.68,Winter,4.5,7.93,No,"Food Tour,Surfing,Shopping",6,940.08,1,0
Sacred Plaza,Greece,Europe,City,96.47,Spring,4.2,3.92,No,"Surfing,Sightseeing",6,578.8199999999999,2,2
Grand Ruins,Thailand,Asia,Nature,58.19,Winter,4.7,4.27,No,"Sightseeing,Shopping,Skiing",4,232.76,4,1
Lush Canyon,Vietnam,Asia,Religious,257.79,Winter,4.2,5.4,No,"Museum,Shopping",12,3093.4800000000005,5,1
Golden Falls,Germany,Europe,City,149.7,Spring,4.8,9.93,No,"Shopping,Trekking",5,748.5,2,2
Grand Forest,France,Europe,Adventure,130.76,Winter,4.6,9.34,Yes,Shopping,11,1438.36,0,2
Lush Plaza,Australia,Oceania,Religious,154.09,Autumn,4.5,4.12,No,"Beach Volley,Food Tour",14,2157.26,5,4
Golden Temple,India,Asia,Adventure,178.42,Winter,4.7,3.39,Yes,Sightseeing,8,1427.36,0,1
Crystal Ruins,Argentina,South America,Beach,141.25,Spring,4.3,2.15,Yes,Shopping,3,423.75,1,5
Ancient Park,India,Asia,Nature,98.17,Autumn,4.9,9.77,No,"Food Tour,Skiing",4,392.68,4,1
Golden Pagoda,Greece,Europe,Historical,204.29,Spring,4.6,1.76,No,Skiing,7,1430.03,3,2
Serene Canyon,New Zealand,Oceania,City,273.24,Autumn,4.4,7.77,Yes,Shopping,4,1092.96,2,4
Ancient Pagoda,Italy,Europe,Adventure,150.52,Spring,4.1,4.29,No,Skiing,5,752.6,0,2
Hidden Park,Greece,Europe,City,131.41,Winter,4.2,1.15,No,"Surfing,Beach Volley",14,1839.74,2,2
Serene Temple,Morocco,Africa,Adventure,152.83,Winter,4.7,9.68,No,Skiing,6,916.98,0,0
Sacred Ruins,Italy,Europe,Nature,59.88,Spring,4.3,5.31,No,Beach Volley,11,658.6800000000001,4,2
Crystal Forest,Peru,South America,Religious,103.03,Spring,4.5,6.59,Yes,"Shopping,Sightseeing",4,412.12,5,5
Grand Beach,Kenya,Africa,Beach,177.01,Winter,4.1,6.68,No,"Shopping,Surfing",8,1416.08,1,0
Mystic Temple,Brazil,South America,Religious,139.33,Winter,4.9,1.05,No,Beach Volley,14,1950.6200000000001,5,5
Grand Pagoda,Germany,Europe,Religious,121.82,Spring,4.4,1.65,No,Surfing,10,1218.1999999999998,5,2
Grand Pagoda,Germany,Europe,Nature,119.33,Spring,4.4,7.08,No,Trekking,7,835.31,4,2
Crystal Falls,Spain,Europe,Religious,150.78,Summer,4.3,9.97,No,Food Tour,5,753.9,5,2
Ancient Pagoda,India,Asia,Adventure,171.85,Spring,4.9,3.41,No,Shopping,8,1374.8,0,1
Sacred Plaza,Morocco,Africa,Religious,174.98,Spring,5.0,4.55,No,Shopping,5,874.9,5,0
Hidden Canyon,Canada,North America,Adventure,81.66,Winter,4.4,3.99,No,"Sightseeing,Surfing,Skiing",12,979.92,0,3
Lush Falls,Peru,South America,Nature,210.39,Winter,4.4,7.47,No,"Trekking,Food Tour,Shopping",14,2945.46,4,5
Lush Beach,Kenya,Africa,Beach,121.17,Summer,3.7,0.68,Yes,"Shopping,Skiing,Beach Volley",14,1696.38,1,0
Grand Temple,Greece,Europe,City,193.16,Autumn,4.3,1.8,No,"Shopping,Skiing",3,579.48,2,2
Crystal Valley,Germany,Europe,Religious,76.05,Spring,4.6,0.62,Yes,"Sightseeing,Trekking",9,684.4499999999999,5,2
Mystic Beach,Morocco,Africa,Historical,100.29,Spring,4.5,5.71,Yes,"Trekking,Sightseeing,Food Tour",4,401.16,3,0
Serene Plaza,China,Asia,Religious,209.83,Spring,4.5,1.43,No,"Shopping,Skiing",12,2517.96,5,1
Lush Valley,Morocco,Africa,Beach,90.35,Summer,4.5,3.58,Yes,"Food Tour,Sightseeing,Beach Volley",13,1174.55,1,0
Lush Beach,Germany,Europe,Nature,141.35,Winter,5.0,4.07,No,Sightseeing,4,565.4,4,2
Grand Ruins,France,Europe,Religious,106.26,Spring,3.8,7.96,No,Sightseeing,9,956.34,5,2
Ancient Valley,Vietnam,Asia,Beach,116.55,Winter,4.8,7.04,No,Shopping,6,699.3,1,1
Mystic Ruins,Peru,South America,Historical,70.04,Spring,4.4,8.49,Yes,Beach Volley,8,560.32,3,5
Mystic Pagoda,Spain,Europe,Nature,257.87,Summer,4.3,6.76,No,Beach Volley,7,1805.0900000000001,4,2
Mystic Plaza,Japan,Asia,Religious,163.83,Winter,4.7,6.33,No,"Sightseeing,Trekking",12,1965.96,5,1
Ancient Valley,Egypt,Africa,Religious,151.6,Autumn,4.3,1.93,No,"Museum,Shopping,Trekking",13,1970.8,5,0
Grand Falls,Germany,Europe,Beach,154.43,Autumn,5.0,6.96,No,"Skiing,Museum,Shopping",14,2162.02,1,2
Serene Forest,Germany,Europe,City,131.73,Spring,4.6,1.18,No,"Food Tour,Shopping",9,1185.57,2,2
Golden Canyon,Egypt,Africa,Nature,109.88,Spring,4.9,3.32,No,Food Tour,11,1208.6799999999998,4,0
Crystal Beach,Canada,North America,Nature,210.02,Winter,4.3,6.78,No,"Food Tour,Skiing,Museum",12,2520.2400000000002,4,3
Lush Park,Mexico,North America,Adventure,127.43,Autumn,4.4,1.43,Yes,"Shopping,Food Tour",8,1019.44,0,3
Hidden Ruins,Spain,Europe,Nature,209.29,Summer,4.7,3.02,No,"Shopping,Beach Volley,Skiing",11,2302.19,4,2
Mystic Pagoda,China,Asia,Nature,180.36,Autumn,4.9,4.13,No,Surfing,6,1082.16,4,1
Serene Beach,Spain,Europe,Beach,133.87,Summer,4.4,6.34,Yes,"Surfing,Museum",12,1606.44,1,2
Sacred Plaza,Italy,Europe,Adventure,182.08,Spring,4.9,5.54,No,Trekking,9,1638.72,0,2
Sacred Forest,Thailand,Asia,Religious,117.82,Autumn,4.8,9.81,Yes,Museum,13,1531.6599999999999,5,1
Ancient Forest,Egypt,Africa,City,222.78,Spring,5.0,7.61,Yes,Shopping,10,2227.8,2,0
Ancient Canyon,Canada,North America,City,176.91,Spring,4.8,1.72,No,"Shopping,Museum,Skiing",8,1415.28,2,3
Ancient Plaza,Thailand,Asia,Religious,177.84,Winter,4.4,2.63,Yes,Trekking,12,2134.08,5,1
Mystic Valley,Greece,Europe,Adventure,97.76,Summer,3.9,4.67,No,"Shopping,Museum,Surfing",3,293.28000000000003,0,2
Mystic Pagoda,France,Europe,Religious,178.97,Winter,4.5,2.79,No,Trekking,14,2505.58,5,2
Mystic Canyon,Japan,Asia,Nature,138.94,Spring,4.4,8.93,Yes,"Trekking,Food Tour,Shopping",5,694.7,4,1
Crystal Forest,Greece,Europe,Beach,82.97,Spring,4.8,8.25,No,Beach Volley,6,497.82,1,2
Sacred Falls,Spain,Europe,Historical,141.64,Summer,4.6,7.67,No,Beach Volley,4,566.56,3,2
Crystal Valley,Italy,Europe,Adventure,210.69,Winter,4.5,7.42,No,"Food Tour,Skiing,Trekking",6,1264.1399999999999,0,2
Sacred Beach,South Africa,Africa,Religious,183.14,Summer,4.9,2.19,Yes,"Shopping,Sightseeing",7,1281.98,5,0
Hidden Plaza,Italy,Europe,Beach,166.31,Winter,4.5,9.41,Yes,Skiing,7,1164.17,1,2
Grand Temple,Germany,Europe,City,169.98,Summer,4.3,8.27,No,"Surfing,Beach Volley,Trekking",6,1019.8799999999999,2,2
Hidden Canyon,Peru,South America,City,151.52,Autumn,4.1,8.49,No,"Museum,Trekking",3,454.56000000000006,2,5
Golden Ruins,Spain,Europe,Nature,165.44,Spring,5.0,6.11,Yes,Skiing,11,1819.84,4,2
Ancient Pagoda,Mexico,North America,Nature,55.04,Summer,4.5,5.87,No,Surfing,8,440.32,4,3
Lush Beach,Argentina,South America,Historical,187.67,Spring,4.6,6.54,Yes,Shopping,7,1313.6899999999998,3,5
Crystal Park,Japan,Asia,City,118.88,Spring,4.6,4.88,No,Sightseeing,5,594.4,2,1
Lush Temple,Mexico,North America,Adventure,139.55,Spring,4.2,8.1,No,Sightseeing,14,1953.7000000000003,0,3
Grand Beach,New Zealand,Oceania,City,163.03,Winter,4.1,7.46,Yes,"Museum,Trekking",14,2282.42,2,4
Golden Falls,Mexico,North America,Nature,90.21,Spring,4.6,3.88,No,"Sightseeing,Shopping",8,721.68,4,3
Crystal Valley,France,Europe,Religious,163.9,Autumn,4.9,0.55,No,"Museum,Skiing",6,983.4000000000001,5,2
Golden Ruins,Canada,North America,Nature,110.76,Winter,4.7,9.6,No,"Trekking,Food Tour",6,664.5600000000001,4,3
Sacred Plaza,Brazil,South America,Beach,77.51,Summer,4.2,1.91,No,Beach Volley,3,232.53000000000003,1,5
Sacred Ruins,Japan,Asia,Adventure,186.12,Summer,4.4,9.97,No,Museum,13,2419.56,0,1
Golden Plaza,Morocco,Africa,Adventure,109.14,Summer,3.9,7.36,No,"Skiing,Food Tour",4,436.56,0,0
Hidden Plaza,Kenya,Africa,City,161.23,Winter,4.8,4.22,Yes,"Sightseeing,Surfing",6,967.3799999999999,2,0
Ancient Temple,Peru,South America,Historical,234.05,Autumn,4.3,0.53,Yes,"Museum,Beach Volley",12,2808.6000000000004,3,5
Mystic Pagoda,Germany,Europe,Nature,73.72,Summer,4.9,8.04,Yes,"Surfing,Shopping,Museum",9,663.48,4,2
Hidden Temple,India,Asia,Historical,159.06,Autumn,4.2,5.07,Yes,"Trekking,Beach Volley",5,795.3,3,1
Ancient Valley,India,Asia,Historical,121.79,Autumn,4.6,6.01,Yes,Surfing,5,608.95,3,1
Golden Temple,USA,North America,Religious,243.07,Spring,5.0,6.23,No,Sightseeing,4,972.28,5,3
Hidden Plaza,Peru,South America,City,201.2,Summer,4.7,3.06,No,Museum,11,2213.2,2,5
Mystic Beach,Australia,Oceania,Beach,149.65,Spring,4.9,1.23,Yes,Trekking,7,1047.55,1,4
Ancient Ruins,China,Asia,Adventure,141.49,Winter,4.4,7.96,Yes,Sightseeing,11,1556.39,0,1
Serene Ruins,Greece,Europe,Beach,197.39,Summer,4.7,5.41,No,"Trekking,Surfing",14,2763.46,1,2
Ancient Park,Canada,North America,Adventure,92.92,Spring,4.4,3.62,No,Museum,4,371.68,0,3
Ancient Temple,South Africa,Africa,Historical,107.84,Summer,4.5,2.6,Yes,"Museum,Surfing",13,1401.92,3,0
Hidden Valley,Morocco,Africa,Adventure,225.67,Winter,4.7,9.98,Yes,"Trekking,Shopping",13,2933.71,0,0
Grand Plaza,Italy,Europe,Adventure,159.49,Summer,4.7,4.5,Yes,Shopping,10,1594.9,0,2
Mystic Falls,Vietnam,Asia,Beach,211.05,Autumn,4.7,1.62,No,"Sightseeing,Trekking,Shopping",5,1055.25,1,1
Mystic Beach,Canada,North America,City,207.37,Spring,4.4,4.15,Yes,"Museum,Trekking,Sightseeing",6,1244.22,2,3
Lush Plaza,Egypt,Africa,Nature,244.23,Winter,5.0,2.25,No,"Shopping,Food Tour",4,976.92,4,0
Grand Ruins,New Zealand,Oceania,Adventure,79.46,Summer,4.1,0.75,Yes,"Food Tour,Trekking,Beach Volley",8,635.68,0,4
Sacred Beach,Thailand,Asia,City,157.04,Winter,4.0,3.34,No,"Shopping,Surfing",10,1570.3999999999999,2,1
Lush Falls,China,Asia,Religious,201.65,Spring,4.4,8.5,No,Shopping,5,1008.25,5,1
Mystic Beach,South Africa,Africa,Nature,175.68,Spring,4.3,4.85,No,"Food Tour,Skiing,Sightseeing",12,2108.16,4,0
Crystal Beach,Peru,South America,Nature,94.43,Winter,4.5,1.27,Yes,"Food Tour,Surfing,Museum",11,1038.73,4,5
Serene Ruins,Vietnam,Asia,Nature,148.62,Spring,5.0,4.65,No,"Food Tour,Beach Volley,Museum",5,743.1,4,1
Golden Temple,Greece,Europe,City,195.01,Winter,4.7,2.01,Yes,Shopping,6,1170.06,2,2
Mystic Ruins,South Africa,Africa,Adventure,100.08,Spring,4.6,7.64,No,"Trekking,Food Tour",4,400.32,0,0
Hidden Park,Mexico,North America,Nature,167.67,Spring,4.5,1.16,No,"Skiing,Shopping,Food Tour",3,503.01,4,3
Mystic Park,France,Europe,Religious,144.99,Spring,4.4,2.99,No,"Skiing,Food Tour,Trekking",13,1884.8700000000001,5,2
Golden Valley,Canada,North America,Adventure,167.75,Spring,4.4,2.87,Yes,"Sightseeing,Surfing",13,2180.75,0,3
Lush Beach,Italy,Europe,City,195.68,Winter,4.3,4.77,Yes,"Museum,Food Tour,Sightseeing",9,1761.1200000000001,2,2
Hidden Ruins,Peru,South America,Nature,123.7,Winter,4.5,1.1,No,"Shopping,Surfing",8,989.6,4,5
Mystic Valley,Peru,South America,Beach,30.0,Summer,4.8,3.8,Yes,"Food Tour,Beach Volley",14,420.0,1,5
Grand Park,Australia,Oceania,Historical,162.35,Summer,4.5,5.82,No,"Skiing,Shopping",11,1785.85,3,4
Mystic Plaza,Greece,Europe,Historical,71.87,Spring,4.3,7.44,No,Sightseeing,11,790.57,3,2
Sacred Park,Morocco,Africa,Adventure,94.48,Spring,4.7,5.87,Yes,Museum,14,1322.72,0,0
Crystal Ruins,Japan,Asia,City,173.32,Winter,4.5,6.28,No,"Museum,Sightseeing,Trekking",10,1733.1999999999998,2,1
Grand Park,USA,North America,Religious,109.58,Summer,4.4,1.94,No,"Skiing,Food Tour,Shopping",12,1314.96,5,3
Serene Park,Italy,Europe,City,113.27,Spring,4.3,8.58,No,"Shopping,Trekking",11,1245.97,2,2
Ancient Temple,Greece,Europe,Adventure,200.88,Winter,5.0,1.59,No,Beach Volley,12,2410.56,0,2
Ancient Falls,Japan,Asia,Historical,171.44,Winter,4.7,1.14,No,"Beach Volley,Shopping,Trekking",8,1371.52,3,1
Ancient Falls,India,Asia,Beach,168.97,Spring,5.0,1.28,Yes,Beach Volley,9,1520.73,1,1
Lush Plaza,Brazil,South America,Beach,96.39,Summer,3.6,2.07,Yes,"Skiing,Shopping,Museum",8,771.12,1,5
Hidden Forest,USA,North America,Adventure,127.58,Autumn,5.0,4.41,No,"Food Tour,Surfing",7,893.06,0,3
Serene Ruins,China,Asia,Beach,180.96,Autumn,5.0,1.09,No,"Shopping,Trekking,Surfing",11,1990.5600000000002,1,1
Hidden Canyon,India,Asia,Beach,219.86,Summer,4.5,4.86,Yes,"Trekking,Skiing",11,2418.46,1,1
Grand Ruins,Greece,Europe,Beach,117.7,Spring,4.3,2.06,Yes,Beach Volley,4,470.8,1,2
Lush Beach,Spain,Europe,Nature,208.1,Summer,4.3,5.43,No,"Sightseeing,Shopping,Beach Volley",5,1040.5,4,2
Grand Ruins,Thailand,Asia,Religious,166.15,Winter,4.4,8.86,No,Surfing,10,1661.5,5,1
Serene Plaza,Italy,Europe,Beach,131.98,Spring,4.7,4.79,Yes,Sightseeing,5,659.9,1,2
Crystal Temple,New Zealand,Oceania,Religious,194.16,Spring,4.5,5.62,No,Trekking,11,2135.7599999999998,5,4
Lush Ruins,Greece,Europe,Beach,101.33,Autumn,4.5,6.74,No,"Shopping,Surfing",4,405.32,1,2
Crystal Park,Italy,Europe,Historical,128.68,Summer,4.8,7.87,No,Surfing,8,1029.44,3,2
Mystic Canyon,Vietnam,Asia,City,58.46,Summer,4.6,8.03,Yes,"Sightseeing,Beach Volley",4,233.84,2,1
Grand Pagoda,Spain,Europe,Adventure,243.66,Summer,4.8,8.08,No,"Museum,Sightseeing",10,2436.6,0,2
Sacred Plaza,Vietnam,Asia,Religious,188.27,Spring,4.4,5.56,Yes,Surfing,9,1694.43,5,1
Lush Beach,USA,North America,Historical,174.24,Autumn,4.2,8.04,No,"Sightseeing,Shopping,Beach Volley",10,1742.4,3,3
Crystal Park,Brazil,South America,Adventure,191.69,Autumn,4.4,9.11,Yes,"Shopping,Trekking,Beach Volley",13,2491.97,0,5
Hidden Forest,Italy,Europe,City,133.26,Summer,4.4,2.25,Yes,Museum,7,932.8199999999999,2,2
Grand Forest,Thailand,Asia,Nature,164.9,Winter,4.7,1.94,No,"Surfing,Sightseeing,Shopping",8,1319.2,4,1
Serene Pagoda,Thailand,Asia,Nature,253.13,Autumn,4.2,1.29,No,"Food Tour,Beach Volley,Trekking",5,1265.65,4,1
Golden Forest,Argentina,South America,Beach,159.58,Autumn,4.6,5.3,No,"Museum,Skiing,Beach Volley",6,957.48,1,5
Lush Ruins,South Africa,Africa,Nature,146.02,Winter,4.6,9.85,Yes,Museum,9,1314.18,4,0
Grand Valley,USA,North America,City,207.44,Winter,4.9,2.08,Yes,Food Tour,7,1452.08,2,3
Mystic Park,Kenya,Africa,Adventure,140.64,Winter,4.8,2.04,No,"Shopping,Skiing,Beach Volley",10,1406.3999999999999,0,0
Sacred Plaza,Brazil,South America,Historical,151.64,Summer,4.4,5.51,Yes,Food Tour,5,758.1999999999999,3,5
Golden Park,New Zealand,Oceania,Historical,178.98,Spring,4.6,1.25,No,"Trekking,Skiing,Surfing",8,1431.84,3,4
Mystic Ruins,South Africa,Africa,Nature,109.73,Autumn,4.7,8.65,Yes,"Museum,Beach Volley,Sightseeing",7,768.11,4,0
Ancient Canyon,South Africa,Africa,Nature,158.42,Summer,4.9,7.25,No,"Beach Volley,Museum,Surfing",5,792.0999999999999,4,0
Lush Park,New Zealand,Oceania,Historical,134.82,Autumn,3.9,8.31,Yes,Sightseeing,10,1348.1999999999998,3,4
Grand Ruins,Egypt,Africa,Adventure,43.91,Summer,4.3,5.2,Yes,"Sightseeing,Beach Volley",12,526.92,0,0
Hidden Temple,Egypt,Africa,Nature,125.08,Autumn,4.8,2.15,Yes,"Food Tour,Sightseeing,Surfing",5,625.4,4,0
Hidden Beach,Italy,Europe,Religious,192.03,Autumn,4.7,1.46,No,"Museum,Shopping,Skiing",12,2304.36,5,2
Lush Valley,Peru,South America,Historical,121.74,Spring,4.4,3.81,Yes,"Surfing,Beach Volley,Shopping",3,365.21999999999997,3,5
Lush Falls,Mexico,North America,City,230.77,Spring,4.4,6.69,No,"Museum,Trekking,Shopping",8,1846.16,2,3
Ancient Temple,Brazil,South America,Religious,74.08,Autumn,4.9,8.49,No,Trekking,8,592.64,5,5
Sacred Falls,India,Asia,City,170.19,Autumn,4.5,6.52,No,"Beach Volley,Food Tour,Shopping",9,1531.71,2,1
Sacred Plaza,Italy,Europe,Nature,168.62,Winter,4.3,3.59,Yes,"Food Tour,Trekking,Sightseeing",14,2360.6800000000003,4,2
Serene Beach,Germany,Europe,Nature,126.77,Summer,4.6,2.16,Yes,Skiing,9,1140.93,4,2
Hidden Temple,Mexico,North America,Beach,129.9,Autumn,4.7,8.45,Yes,Surfing,11,1428.9,1,3
Ancient Beach,Brazil,South America,Historical,193.56,Autumn,4.1,7.09,No,"Surfing,Museum,Beach Volley",7,1354.92,3,5
Mystic Pagoda,Mexico,North America,Historical,53.19,Autumn,4.5,2.52,No,"Skiing,Beach Volley",6,319.14,3,3
Crystal Valley,South Africa,Africa,Nature,175.7,Spring,4.6,8.78,No,"Museum,Sightseeing",7,1229.8999999999999,4,0
Serene Temple,Argentina,South America,Beach,186.18,Autumn,4.7,6.82,Yes,"Food Tour,Skiing",12,2234.16,1,5
Grand Forest,Morocco,Africa,City,170.49,Winter,4.4,6.87,Yes,Trekking,7,1193.43,2,0
Mystic Ruins,France,Europe,Religious,101.68,Summer,4.5,4.75,No,Shopping,14,1423.52,5,2
Crystal Canyon,Egypt,Africa,Beach,205.35,Winter,4.5,5.69,Yes,"Beach Volley,Surfing,Shopping",7,1437.45,1,0
Serene Pagoda,Thailand,Asia,Adventure,162.65,Spring,4.5,1.55,No,Museum,3,487.95000000000005,0,1
Golden Forest,Argentina,South America,Religious,123.23,Autumn,4.5,7.53,No,Skiing,8,985.84,5,5
Ancient Pagoda,Kenya,Africa,Historical,138.91,Spring,4.6,8.65,Yes,Sightseeing,3,416.73,3,0
Crystal Canyon,Spain,Europe,Historical,175.66,Spring,4.4,7.66,No,"Shopping,Surfing,Trekking",10,1756.6,3,2
Sacred Temple,Morocco,Africa,Religious,194.43,Spring,4.3,3.17,Yes,"Beach Volley,Museum,Trekking",11,2138.73,5,0
Mystic Beach,Italy,Europe,Nature,168.36,Autumn,5.0,1.42,No,Surfing,7,1178.52,4,2
Grand Plaza,Morocco,Africa,Adventure,55.74,Spring,4.4,6.18,Yes,Trekking,8,445.92,0,0
Serene Falls,China,Asia,Religious,97.32,Summer,4.2,7.56,No,"Surfing,Sightseeing",4,389.28,5,1
Hidden Forest,Mexico,North America,Religious,171.42,Autumn,4.8,6.14,No,"Sightseeing,Food Tour,Museum",8,1371.36,5,3
Lush Ruins,Argentina,South America,City,144.78,Winter,4.4,8.05,Yes,Beach Volley,10,1447.8,2,5
Hidden Valley,Brazil,South America,Religious,154.16,Winter,4.4,9.96,No,"Trekking,Surfing,Shopping",12,1849.92,5,5
Crystal Plaza,Mexico,North America,Historical,153.5,Winter,4.8,1.1,No,"Surfing,Skiing,Museum",13,1995.5,3,3
Lush Valley,Peru,South America,Historical,167.38,Spring,4.8,1.59,No,"Sightseeing,Surfing",9,1506.42,3,5
Serene Forest,Vietnam,Asia,Beach,198.76,Summer,4.7,8.85,No,"Food Tour,Shopping,Trekking",6,1192.56,1,1
Grand Beach,Greece,Europe,Religious,182.66,Autumn,5.0,4.59,No,"Food Tour,Sightseeing",4,730.64,5,2
Lush Ruins,Germany,Europe,City,117.3,Winter,4.0,7.85,No,"Sightseeing,Beach Volley,Trekking",8,938.4,2,2
Lush Falls,Peru,South America,Religious,194.29,Winter,4.6,4.71,No,"Museum,Surfing",13,2525.77,5,5
Golden Pagoda,Morocco,Africa,City,230.61,Spring,4.9,6.12,No,"Sightseeing,Trekking",13,2997.9300000000003,2,0
Mystic Pagoda,Brazil,South America,City,99.28,Winter,4.7,5.37,No,Beach Volley,7,694.96,2,5
Grand Plaza,Spain,Europe,City,137.7,Autumn,4.2,5.13,No,"Beach Volley,Surfing,Trekking",6,826.1999999999999,2,2
Serene Falls,Vietnam,Asia,Adventure,171.21,Summer,4.5,6.21,Yes,"Shopping,Skiing",6,1027.26,0,1
Golden Temple,France,Europe,Historical,152.18,Winter,5.0,6.52,Yes,Shopping,13,1978.3400000000001,3,2
Ancient Plaza,Mexico,North America,Religious,144.72,Spring,4.4,3.94,No,Museum,4,578.88,5,3
Golden Canyon,Australia,Oceania,Nature,119.41,Spring,4.5,1.83,Yes,"Trekking,Beach Volley",3,358.23,4,4
Mystic Falls,Argentina,South America,Adventure,138.99,Spring,3.9,2.36,No,"Food Tour,Trekking",4,555.96,0,5
Grand Beach,Vietnam,Asia,Historical,74.76,Winter,4.7,2.47,Yes,Museum,3,224.28000000000003,3,1
Golden Park,Mexico,North America,City,139.75,Winter,4.5,0.57,Yes,"Food Tour,Trekking,Beach Volley",11,1537.25,2,3
Golden Plaza,Australia,Oceania,City,134.54,Summer,4.3,8.12,No,"Beach Volley,Museum",8,1076.32,2,4
Golden Valley,Morocco,Africa,Historical,174.01,Summer,5.0,3.29,No,Surfing,3,522.03,3,0
Grand Pagoda,Morocco,Africa,Beach,141.99,Summer,4.7,1.33,No,"Museum,Beach Volley",12,1703.88,1,0
Mystic Temple,China,Asia,Beach,105.69,Spring,4.6,3.78,No,"Surfing,Shopping,Food Tour",14,1479.6599999999999,1,1
Ancient Forest,Kenya,Africa,Religious,203.8,Summer,4.5,5.19,No,"Skiing,Trekking,Food Tour",9,1834.2,5,0
Ancient Forest,Brazil,South America,Nature,130.04,Winter,4.3,4.25,No,Beach Volley,4,520.16,4,5
Ancient Pagoda,Egypt,Africa,Beach,59.84,Spring,4.0,9.12,Yes,Museum,7,418.88,1,0
Sacred Temple,Canada,North America,Nature,188.6,Winter,5.0,3.44,No,"Food Tour,Trekking",5,943.0,4,3
Golden Forest,Japan,Asia,Religious,125.85,Autumn,4.5,2.95,Yes,"Food Tour,Skiing",3,377.54999999999995,5,1
Golden Beach,Vietnam,Asia,City,157.24,Autumn,4.3,7.02,No,"Food Tour,Surfing,Museum",4,628.96,2,1
Lush Ruins,Kenya,Africa,Beach,136.57,Summer,4.2,4.83,No,"Food Tour,Shopping",9,1229.1299999999999,1,0
Ancient Canyon,Spain,Europe,Nature,105.59,Summer,4.4,4.48,No,Trekking,12,1267.08,4,2
Crystal Canyon,Morocco,Africa,City,143.44,Autumn,4.5,1.26,No,"Skiing,Sightseeing",6,860.64,2,0
Golden Canyon,India,Asia,Beach,175.6,Summer,4.4,6.85,No,"Sightseeing,Trekking,Museum",5,878.0,1,1
Ancient Valley,Japan,Asia,Religious,95.48,Spring,4.9,6.14,No,Surfing,4,381.92,5,1
Mystic Falls,Italy,Europe,Beach,160.34,Winter,4.7,8.8,No,"Trekking,Sightseeing",13,2084.42,1,2
Ancient Falls,Japan,Asia,Adventure,119.38,Spring,4.6,9.07,No,"Sightseeing,Trekking,Food Tour",7,835.66,0,1
Lush Canyon,Peru,South America,City,152.92,Summer,4.3,1.85,No,"Food Tour,Surfing,Skiing",11,1682.12,2,5
Mystic Valley,China,Asia,Religious,148.34,Autumn,4.4,3.3,No,"Shopping,Surfing,Museum",11,1631.74,5,1
Mystic Valley,Germany,Europe,Religious,283.91,Summer,4.4,0.92,No,"Sightseeing,Beach Volley",12,3406.92,5,2
Lush Ruins,Thailand,Asia,Nature,157.99,Autumn,4.2,3.76,No,"Food Tour,Sightseeing,Skiing",5,789.95,4,1
Mystic Pagoda,Egypt,Africa,Adventure,192.77,Spring,4.9,8.53,No,"Surfing,Skiing,Sightseeing",3,578.3100000000001,0,0
Ancient Canyon,Vietnam,Asia,Beach,117.69,Autumn,5.0,6.89,No,"Museum,Food Tour,Shopping",5,588.45,1,1
Sacred Park,Morocco,Africa,Historical,102.81,Summer,4.2,8.0,No,"Beach Volley,Shopping",3,308.43,3,0
Ancient Plaza,South Africa,Africa,City,219.62,Spring,4.4,8.31,No,"Food Tour,Surfing",9,1976.58,2,0
Grand Ruins,Kenya,Africa,Religious,59.03,Winter,4.3,6.03,No,"Beach Volley,Surfing",5,295.15,5,0
Mystic Forest,New Zealand,Oceania,Nature,215.22,Summer,4.0,7.2,Yes,"Sightseeing,Museum",10,2152.2,4,4
Lush Falls,Vietnam,Asia,Adventure,100.66,Winter,4.9,2.09,Yes,"Food Tour,Surfing,Sightseeing",12,1207.92,0,1
Serene Forest,Mexico,North America,Historical,94.71,Spring,4.4,8.96,Yes,Surfing,9,852.39,3,3
Ancient Pagoda,Morocco,Africa,Adventure,101.78,Autumn,4.4,0.74,No,"Sightseeing,Skiing,Trekking",8,814.24,0,0
Lush Pagoda,India,Asia,Nature,215.52,Autumn,4.9,3.74,Yes,Skiing,7,1508.64,4,1
Golden Valley,Peru,South America,Beach,142.47,Autumn,4.3,3.46,No,Beach Volley,5,712.35,1,5
Golden Valley,China,Asia,Adventure,198.24,Summer,5.0,3.96,No,Beach Volley,3,594.72,0,1
Sacred Temple,Egypt,Africa,Nature,244.57,Spring,4.4,1.84,No,Surfing,7,1711.99,4,0
Hidden Beach,Morocco,Africa,Religious,126.31,Autumn,4.5,5.3,No,Surfing,7,884.1700000000001,5,0
Lush Falls,Mexico,North America,Adventure,144.89,Spring,4.6,0.87,No,Shopping,14,2028.4599999999998,0,3
Serene Beach,India,Asia,Beach,145.58,Summer,4.4,2.02,No,"Beach Volley,Sightseeing,Shopping",5,727.9000000000001,1,1
Hidden Valley,Peru,South America,Historical,59.81,Spring,4.4,9.05,No,"Skiing,Trekking,Surfing",10,598.1,3,5
Grand Valley,Italy,Europe,City,184.85,Autumn,4.4,6.23,Yes,Sightseeing,3,554.55,2,2
Grand Temple,Brazil,South America,Nature,73.02,Winter,4.1,3.73,Yes,Beach Volley,4,292.08,4,5
Grand Beach,India,Asia,City,90.3,Spring,4.5,5.76,Yes,Surfing,7,632.1,2,1
Lush Pagoda,Morocco,Africa,Religious,228.64,Summer,4.6,8.42,No,"Sightseeing,Museum",13,2972.3199999999997,5,0
Golden Forest,Kenya,Africa,Nature,59.95,Winter,4.3,2.96,No,Skiing,9,539.5500000000001,4,0
Lush Forest,Italy,Europe,Nature,86.93,Autumn,4.2,9.68,No,"Sightseeing,Beach Volley,Surfing",12,1043.16,4,2
Mystic Valley,USA,North America,Religious,51.04,Winter,4.7,6.01,No,"Trekking,Shopping",9,459.36,5,3
Grand Plaza,China,Asia,Religious,141.41,Spring,4.2,6.45,No,Sightseeing,5,707.05,5,1
Hidden Canyon,Egypt,Africa,Religious,30.0,Winter,4.4,9.94,Yes,"Trekking,Museum",10,300.0,5,0
Sacred Canyon,India,Asia,City,164.59,Winter,4.8,5.91,No,"Sightseeing,Shopping,Museum",11,1810.49,2,1
Crystal Falls,New Zealand,Oceania,Historical,88.52,Winter,4.6,4.25,Yes,"Sightseeing,Surfing",13,1150.76,3,4
Hidden Valley,Kenya,Africa,City,148.49,Winter,4.3,5.66,No,"Trekking,Surfing,Shopping",7,1039.43,2,0
Grand Forest,Japan,Asia,Nature,162.69,Autumn,4.6,5.57,No,Surfing,10,1626.9,4,1
Golden Plaza,Argentina,South America,Adventure,131.91,Summer,4.6,8.05,No,Shopping,6,791.46,0,5
Mystic Canyon,Germany,Europe,Beach,181.08,Summer,4.4,9.47,Yes,"Surfing,Skiing",14,2535.1200000000003,1,2
Crystal Temple,Kenya,Africa,Historical,143.77,Winter,4.1,9.82,No,"Skiing,Beach Volley,Museum",7,1006.3900000000001,3,0
Ancient Park,New Zealand,Oceania,Beach,206.3,Spring,4.5,6.09,No,Museum,4,825.2,1,4
Sacred Plaza,Kenya,Africa,Religious,77.6,Winter,4.2,2.43,No,"Shopping,Surfing,Beach Volley",14,1086.3999999999999,5,0
Golden Plaza,Mexico,North America,Nature,120.22,Spring,4.9,5.36,No,Sightseeing,13,1562.86,4,3
Golden Beach,China,Asia,Adventure,285.8,Spring,4.4,8.72,No,"Sightseeing,Shopping",6,1714.8000000000002,0,1
Hidden Park,Brazil,South America,City,147.26,Autumn,4.6,8.36,No,"Museum,Surfing,Trekking",13,1914.3799999999999,2,5
Serene Canyon,New Zealand,Oceania,Religious,170.73,Winter,4.9,9.58,No,Food Tour,9,1536.57,5,4
Mystic Forest,India,Asia,City,140.13,Summer,4.5,8.61,Yes,"Beach Volley,Trekking",7,980.91,2,1
Sacred Canyon,Greece,Europe,Adventure,208.29,Summer,4.4,8.98,No,"Sightseeing,Museum,Trekking",8,1666.32,0,2
Lush Ruins,Germany,Europe,City,179.68,Spring,3.6,6.45,Yes,"Skiing,Shopping,Beach Volley",3,539.04,2,2
Crystal Pagoda,Italy,Europe,City,247.85,Spring,4.4,7.37,No,Museum,12,2974.2,2,2
Hidden Forest,South Africa,Africa,Nature,111.36,Spring,4.6,3.34,Yes,Beach Volley,14,1559.04,4,0
Mystic Plaza,Mexico,North America,City,207.27,Summer,4.3,3.15,No,"Skiing,Shopping",6,1243.6200000000001,2,3
Serene Temple,New Zealand,Oceania,Nature,197.66,Autumn,4.7,3.3,Yes,"Surfing,Shopping,Skiing",6,1185.96,4,4
Serene Park,Kenya,Africa,Historical,175.75,Spring,4.7,1.86,No,"Museum,Surfing,Shopping",7,1230.25,3,0
Hidden Pagoda,Australia,Oceania,Adventure,190.02,Summer,4.7,6.76,Yes,"Trekking,Skiing",6,1140.1200000000001,0,4
Hidden Plaza,Mexico,North America,Religious,179.23,Winter,4.6,6.33,No,Surfing,7,1254.61,5,3
Crystal Beach,Greece,Europe,Adventure,148.67,Spring,4.2,1.24,No,"Food Tour,Beach Volley",13,1932.7099999999998,0,2
Crystal Temple,Australia,Oceania,Historical,67.99,Autumn,4.0,1.13,No,"Shopping,Trekking",5,339.95,3,4
Mystic Forest,Peru,South America,Nature,110.38,Summer,4.4,8.18,No,"Food Tour,Trekking,Shopping",3,331.14,4,5
Serene Plaza,New Zealand,Oceania,Beach,151.51,Summer,4.7,3.35,Yes,"Museum,Food Tour",14,2121.14,1,4
Ancient Ruins,Greece,Europe,City,150.06,Autumn,4.3,8.05,No,"Food Tour,Skiing,Sightseeing",13,1950.78,2,2
Ancient Beach,France,Europe,Adventure,141.04,Spring,4.5,1.19,Yes,Surfing,4,564.16,0,2
Serene Canyon,USA,North America,Historical,69.62,Summer,4.3,2.71,No,"Beach Volley,Shopping",5,348.1,3,3
Grand Falls,Thailand,Asia,Adventure,193.65,Autumn,4.3,9.33,No,"Food Tour,Skiing",14,2711.1,0,1
Ancient Park,France,Europe,Adventure,191.47,Summer,4.4,3.55,No,Museum,10,1914.7,0,2
Sacred Valley,Italy,Europe,Religious,72.96,Summer,4.5,6.58,No,"Surfing,Sightseeing,Trekking",12,875.52,5,2
Crystal Pagoda,Argentina,South America,Religious,153.0,Spring,4.6,3.9,No,"Beach Volley,Skiing,Museum",10,1530.0,5,5
Sacred Temple,China,Asia,Adventure,107.27,Summer,4.6,8.94,No,"Museum,Surfing",5,536.35,0,1
Sacred Canyon,Germany,Europe,Religious,30.0,Autumn,4.6,6.07,No,Trekking,12,360.0,5,2
Hidden Beach,Morocco,Africa,City,117.55,Spring,4.6,6.98,No,"Museum,Food Tour",14,1645.7,2,0
Golden Park,New Zealand,Oceania,Nature,190.36,Winter,4.2,8.31,Yes,"Beach Volley,Skiing",11,2093.96,4,4
Hidden Temple,Egypt,Africa,Adventure,161.83,Summer,4.9,5.44,No,"Food Tour,Trekking,Museum",13,2103.79,0,0
Serene Park,Thailand,Asia,Religious,169.62,Winter,4.3,3.08,Yes,Museum,11,1865.8200000000002,5,1
Golden Forest,Brazil,South America,City,58.33,Summer,4.5,1.77,Yes,Beach Volley,10,583.3,2,5
Ancient Canyon,India,Asia,Religious,123.8,Summer,4.5,7.61,Yes,"Beach Volley,Skiing",5,619.0,5,1
Hidden Ruins,Greece,Europe,City,118.69,Autumn,4.5,3.12,No,Beach Volley,10,1186.9,2,2
Ancient Temple,Kenya,Africa,Religious,133.61,Winter,4.5,8.47,Yes,Skiing,14,1870.5400000000002,5,0
Crystal Park,Peru,South America,Adventure,107.08,Autumn,4.8,1.47,No,Food Tour,4,428.32,0,5
Grand Ruins,Germany,Europe,Nature,82.71,Spring,4.3,8.51,No,Beach Volley,6,496.26,4,2
Grand Canyon,France,Europe,Historical,201.37,Winter,4.3,8.97,No,"Trekking,Museum,Sightseeing",10,2013.7,3,2
Lush Pagoda,Japan,Asia,City,192.54,Spring,4.5,4.08,No,"Skiing,Food Tour,Trekking",3,577.62,2,1
Mystic Park,Japan,Asia,Historical,146.72,Autumn,5.0,4.18,No,"Surfing,Beach Volley,Food Tour",5,733.6,3,1
Serene Canyon,Spain,Europe,Historical,221.14,Winter,4.8,0.54,No,Museum,3,663.42,3,2
Sacred Beach,Morocco,Africa,Beach,176.11,Summer,4.3,6.83,No,"Museum,Sightseeing",7,1232.77,1,0
Serene Beach,South Africa,Africa,Nature,154.43,Autumn,4.6,3.33,No,"Food Tour,Trekking",4,617.72,4,0
Mystic Falls,New Zealand,Oceania,Historical,160.17,Autumn,4.4,6.62,No,"Trekking,Shopping",5,800.8499999999999,3,4
Sacred Forest,China,Asia,City,143.03,Spring,4.4,9.59,Yes,Sightseeing,4,572.12,2,1
Serene Park,Spain,Europe,Adventure,30.0,Spring,4.5,4.85,No,"Sightseeing,Food Tour,Trekking",11,330.0,0,2
Mystic Park,Kenya,Africa,City,122.47,Winter,4.1,4.01,No,"Museum,Surfing,Shopping",6,734.8199999999999,2,0
Lush Falls,South Africa,Africa,Religious,211.76,Winter,4.4,8.58,No,"Skiing,Shopping,Surfing",8,1694.08,5,0
Crystal Falls,Italy,Europe,City,181.11,Autumn,4.2,4.99,Yes,"Shopping,Trekking,Skiing",11,1992.21,2,2
Hidden Plaza,Mexico,North America,Beach,136.35,Winter,4.6,6.94,No,"Trekking,Surfing",11,1499.85,1,3
Hidden Valley,Vietnam,Asia,Adventure,72.31,Summer,4.7,1.8,Yes,"Skiing,Museum",7,506.17,0,1
Crystal Park,Australia,Oceania,Religious,213.73,Spring,4.7,3.5,No,"Beach Volley,Museum,Skiing",12,2564.7599999999998,5,4
Grand Falls,New Zealand,Oceania,Nature,90.53,Winter,5.0,7.28,No,Surfing,3,271.59000000000003,4,4
Grand Temple,South Africa,Africa,Religious,159.61,Summer,4.5,3.23,No,"Trekking,Shopping",6,957.6600000000001,5,0
Hidden Pagoda,Australia,Oceania,Adventure,122.79,Spring,4.5,1.56,No,"Beach Volley,Skiing,Trekking",3,368.37,0,4
Mystic Pagoda,Vietnam,Asia,Nature,62.81,Summer,4.5,8.44,No,Shopping,6,376.86,4,1
Crystal Temple,USA,North America,City,138.57,Summer,4.2,5.18,No,"Trekking,Food Tour,Sightseeing",6,831.42,2,3
Ancient Temple,Germany,Europe,City,188.95,Winter,3.8,6.15,No,"Shopping,Trekking",3,566.8499999999999,2,2
Lush Pagoda,Thailand,Asia,Historical,149.04,Summer,4.4,9.65,No,Skiing,12,1788.48,3,1
Grand Beach,Canada,North America,Nature,250.9,Winter,4.6,3.46,No,"Beach Volley,Museum,Sightseeing",12,3010.8,4,3
Mystic Ruins,Mexico,North America,Beach,185.77,Winter,4.7,5.45,No,Surfing,5,928.85,1,3
Mystic Beach,Morocco,Africa,Nature,138.12,Summer,4.6,3.02,No,Trekking,12,1657.44,4,0
Grand Park,USA,North America,Historical,155.09,Winter,5.0,3.81,No,"Skiing,Beach Volley",12,1861.08,3,3
Crystal Valley,South Africa,Africa,Religious,199.43,Summer,4.1,9.75,No,"Shopping,Food Tour",6,1196.58,5,0
Mystic Temple,Canada,North America,Adventure,158.67,Autumn,4.6,7.91,No,"Trekking,Food Tour",7,1110.6899999999998,0,3
Mystic Park,Thailand,Asia,Nature,36.33,Winter,4.2,3.38,No,"Surfing,Skiing,Food Tour",5,181.64999999999998,4,1
Hidden Pagoda,Kenya,Africa,Nature,144.84,Spring,4.0,7.6,Yes,Sightseeing,3,434.52,4,0
Grand Ruins,Egypt,Africa,Nature,115.25,Summer,4.5,9.6,Yes,"Sightseeing,Skiing,Museum",10,1152.5,4,0
Sacred Plaza,Greece,Europe,Beach,151.04,Winter,4.6,9.65,No,Food Tour,14,2114.56,1,2
Golden Forest,Germany,Europe,Nature,139.71,Summer,4.3,2.64,Yes,"Sightseeing,Surfing,Shopping",13,1816.23,4,2
Mystic Park,Australia,Oceania,Beach,131.24,Summer,4.4,6.41,No,"Skiing,Food Tour,Sightseeing",12,1574.88,1,4
Hidden Beach,New Zealand,Oceania,Beach,169.66,Autumn,4.9,1.9,No,Skiing,7,1187.62,1,4
Lush Plaza,Australia,Oceania,Adventure,174.91,Winter,4.8,4.19,No,Museum,11,1924.01,0,4
Crystal Pagoda,Japan,Asia,Nature,91.5,Summer,4.8,3.78,No,Trekking,8,732.0,4,1
Sacred Plaza,Mexico,North America,Beach,138.3,Spring,4.6,4.96,No,Surfing,14,1936.2000000000003,1,3
Golden Park,Brazil,South America,City,166.5,Summer,4.7,1.09,No,"Shopping,Surfing,Museum",5,832.5,2,5
Serene Falls,Australia,Oceania,Beach,108.24,Summer,5.0,1.78,No,"Food Tour,Trekking,Surfing",11,1190.6399999999999,1,4
Crystal Canyon,Thailand,Asia,Historical,151.89,Summer,4.7,2.8,Yes,"Trekking,Surfing",11,1670.79,3,1
Grand Temple,New Zealand,Oceania,Adventure,251.18,Spring,4.5,1.22,No,Shopping,9,2260.62,0,4
Sacred Forest,Thailand,Asia,Nature,192.08,Autumn,4.3,4.87,Yes,Trekking,9,1728.72,4,1
Grand Ruins,Vietnam,Asia,Historical,39.41,Spring,5.0,0.92,No,"Beach Volley,Museum,Shopping",12,472.91999999999996,3,1
Mystic Valley,Kenya,Africa,Beach,139.96,Winter,4.1,2.49,No,"Sightseeing,Shopping",3,419.88,1,0
Sacred Park,Canada,North America,Nature,128.54,Autumn,4.7,9.63,No,"Surfing,Museum,Food Tour",11,1413.9399999999998,4,3
Golden Valley,Kenya,Africa,Religious,152.4,Summer,4.6,2.97,Yes,"Sightseeing,Skiing,Museum",12,1828.8000000000002,5,0
Crystal Temple,Germany,Europe,Adventure,251.22,Autumn,4.1,1.19,Yes,"Museum,Beach Volley,Food Tour",13,3265.86,0,2
Grand Park,Japan,Asia,Beach,158.14,Summer,4.5,2.31,No,"Surfing,Museum",5,790.6999999999999,1,1
Golden Ruins,Morocco,Africa,Nature,171.29,Spring,4.5,7.69,No,"Beach Volley,Trekking",11,1884.1899999999998,4,0
Sacred Canyon,Morocco,Africa,Adventure,145.76,Autumn,4.1,7.32,Yes,Beach Volley,8,1166.08,0,0
Golden Falls,Canada,North America,Beach,185.99,Winter,4.1,6.83,No,Trekking,14,2603.86,1,3
Ancient Canyon,Mexico,North America,Religious,161.61,Summer,4.1,7.83,No,"Food Tour,Museum",12,1939.3200000000002,5,3
Serene Forest,China,Asia,Historical,134.35,Autumn,4.5,0.59,No,"Museum,Skiing,Trekking",12,1612.1999999999998,3,1
Sacred Canyon,France,Europe,Religious,180.92,Summer,4.4,2.67,No,"Shopping,Surfing,Sightseeing",8,1447.36,5,2
Crystal Temple,New Zealand,Oceania,Nature,87.48,Spring,4.7,3.56,No,"Skiing,Surfing",3,262.44,4,4
Golden Canyon,Egypt,Africa,City,173.48,Autumn,4.7,1.41,No,"Shopping,Beach Volley,Trekking",5,867.4,2,0
Sacred Canyon,USA,North America,Adventure,128.16,Summer,4.5,5.07,No,"Food Tour,Surfing",12,1537.92,0,3
Crystal Pagoda,Peru,South America,Beach,110.19,Spring,4.6,3.24,No,Trekking,9,991.71,1,5
Hidden Pagoda,China,Asia,Nature,187.21,Autumn,4.4,9.94,No,"Skiing,Beach Volley,Shopping",5,936.0500000000001,4,1
Crystal Valley,Kenya,Africa,Adventure,82.79,Summer,4.0,7.67,No,Food Tour,14,1159.0600000000002,0,0
Serene Falls,China,Asia,Religious,56.67,Winter,4.8,7.98,No,Sightseeing,3,170.01,5,1
Crystal Temple,Thailand,Asia,Historical,170.32,Summer,4.0,3.91,No,"Surfing,Beach Volley",11,1873.52,3,1
Hidden Valley,Argentina,South America,Beach,89.44,Autumn,4.7,2.32,No,"Trekking,Skiing,Beach Volley",9,804.96,1,5
Serene Park,New Zealand,Oceania,City,73.69,Autumn,4.5,0.87,No,"Beach Volley,Surfing",8,589.52,2,4
Serene Temple,Brazil,South America,City,129.65,Winter,4.7,9.53,No,"Shopping,Beach Volley",11,1426.15,2,5
Serene Park,Mexico,North America,Historical,72.99,Winter,5.0,6.01,Yes,"Museum,Shopping,Beach Volley",14,1021.8599999999999,3,3
Ancient Pagoda,Japan,Asia,City,230.86,Summer,4.5,3.18,Yes,Trekking,9,2077.7400000000002,2,1
Hidden Park,Egypt,Africa,Beach,188.96,Summer,4.4,9.49,No,"Museum,Trekking",10,1889.6000000000001,1,0
Sacred Canyon,Peru,South America,Adventure,140.54,Spring,4.8,7.91,No,Surfing,12,1686.48,0,5
Grand Pagoda,China,Asia,City,131.96,Winter,3.5,2.44,Yes,"Museum,Beach Volley",3,395.88,2,1
Mystic Pagoda,New Zealand,Oceania,Beach,87.38,Spring,4.6,3.65,No,"Food Tour,Museum,Skiing",11,961.18,1,4
Golden Beach,Greece,Europe,Religious,131.69,Autumn,4.6,1.18,No,Surfing,4,526.76,5,2
Hidden Falls,Kenya,Africa,City,30.0,Autumn,4.6,8.2,No,"Shopping,Food Tour,Surfing",7,210.0,2,0
Serene Canyon,Egypt,Africa,Historical,126.07,Winter,4.8,7.09,No,Trekking,7,882.49,3,0
Lush Plaza,Vietnam,Asia,Nature,184.01,Spring,4.9,1.94,No,"Skiing,Sightseeing",6,1104.06,4,1
Grand Canyon,Canada,North America,Adventure,155.47,Spring,4.8,3.18,No,Skiing,8,1243.76,0,3
Serene Valley,India,Asia,City,124.79,Winter,4.5,1.71,No,"Sightseeing,Surfing",12,1497.48,2,1
Serene Ruins,Brazil,South America,City,184.51,Autumn,3.7,1.02,No,Trekking,13,2398.63,2,5
Lush Ruins,Germany,Europe,Adventure,95.64,Summer,4.2,2.69,Yes,Food Tour,7,669.48,0,2
Crystal Canyon,Morocco,Africa,Nature,210.87,Spring,4.7,8.56,No,"Beach Volley,Shopping,Skiing",6,1265.22,4,0
Mystic Beach,New Zealand,Oceania,Nature,63.71,Summer,4.3,3.59,No,"Surfing,Skiing,Beach Volley",3,191.13,4,4
Ancient Pagoda,Canada,North America,Historical,193.18,Autumn,4.7,2.23,No,"Skiing,Museum,Food Tour",8,1545.44,3,3
Sacred Canyon,Peru,South America,Historical,189.17,Spring,4.4,8.16,No,Skiing,11,2080.87,3,5
Serene Park,Japan,Asia,Beach,222.99,Autumn,4.0,6.78,Yes,Sightseeing,8,1783.92,1,1
Crystal Falls,South Africa,Africa,Religious,154.27,Winter,4.3,7.24,No,"Sightseeing,Trekking,Shopping",3,462.81000000000006,5,0
Lush Valley,Peru,South America,Religious,174.02,Autumn,4.3,6.05,No,"Surfing,Shopping,Museum",13,2262.26,5,5
Mystic Ruins,China,Asia,Nature,182.52,Spring,4.0,3.32,No,"Trekking,Skiing",4,730.08,4,1
Grand Valley,Morocco,Africa,Historical,198.52,Autumn,4.7,1.47,No,"Shopping,Beach Volley,Museum",9,1786.68,3,0
Hidden Canyon,Spain,Europe,City,249.78,Spring,5.0,4.01,Yes,"Beach Volley,Skiing",11,2747.58,2,2
Lush Falls,Brazil,South America,Nature,204.1,Autumn,4.8,4.89,Yes,"Surfing,Trekking,Shopping",10,2041.0,4,5
Mystic Beach,South Africa,Africa,Nature,161.5,Autumn,4.6,7.43,No,Skiing,13,2099.5,4,0
Ancient Temple,Germany,Europe,Religious,128.87,Winter,4.7,8.17,No,Surfing,8,1030.96,5,2
Lush Forest,USA,North America,Adventure,122.08,Summer,4.2,3.69,Yes,"Skiing,Surfing",10,1220.8,0,3
Ancient Valley,Italy,Europe,Beach,202.91,Autumn,4.8,5.84,No,Shopping,10,2029.1,1,2
Grand Canyon,Brazil,South America,Nature,149.72,Winter,4.7,4.11,Yes,Food Tour,6,898.3199999999999,4,5
Mystic Ruins,Mexico,North America,City,172.71,Spring,4.3,7.48,No,Surfing,13,2245.23,2,3
Hidden Falls,Australia,Oceania,City,135.3,Summer,4.5,8.47,Yes,"Shopping,Trekking",8,1082.4,2,4
Mystic Forest,Vietnam,Asia,Adventure,146.99,Spring,4.6,2.73,No,Shopping,14,2057.86,0,1
Grand Forest,USA,North America,Nature,194.52,Autumn,4.7,5.69,No,Museum,7,1361.64,4,3
Lush Forest,Morocco,Africa,Religious,240.96,Spring,4.5,8.7,No,Beach Volley,11,2650.56,5,0
Grand Canyon,Mexico,North America,Beach,174.6,Autumn,4.3,5.75,No,"Trekking,Shopping,Sightseeing",9,1571.3999999999999,1,3
Mystic Falls,Germany,Europe,Historical,100.18,Summer,4.4,8.72,Yes,Museum,14,1402.52,3,2
Lush Pagoda,Argentina,South America,Adventure,126.06,Summer,4.2,3.26,No,"Beach Volley,Surfing,Museum",14,1764.8400000000001,0,5
Serene Beach,Argentina,South America,Beach,168.83,Autumn,4.7,8.07,No,Museum,13,2194.79,1,5
Sacred Plaza,New Zealand,Oceania,Historical,184.18,Winter,4.1,5.93,No,Food Tour,11,2025.98,3,4
Grand Plaza,China,Asia,City,153.49,Winter,4.3,3.23,No,Surfing,6,920.94,2,1
Serene Forest,Mexico,North America,Historical,98.53,Summer,4.1,6.4,No,"Trekking,Sightseeing,Skiing",10,985.3,3,3
Sacred Canyon,Egypt,Africa,Religious,210.89,Spring,4.2,4.34,Yes,Surfing,6,1265.34,5,0
Crystal Valley,Thailand,Asia,City,123.21,Summer,4.0,7.01,Yes,"Surfing,Food Tour",10,1232.1,2,1
Lush Temple,Morocco,Africa,Adventure,128.39,Autumn,4.5,4.05,Yes,Sightseeing,12,1540.6799999999998,0,0
Sacred Beach,Peru,South America,Beach,158.0,Winter,4.7,6.88,Yes,"Sightseeing,Shopping,Trekking",7,1106.0,1,5
Lush Beach,USA,North America,Beach,90.73,Spring,4.7,4.47,Yes,"Shopping,Food Tour,Trekking",5,453.65000000000003,1,3
Serene Falls,Mexico,North America,Beach,129.33,Winter,4.6,3.14,Yes,"Museum,Surfing",6,775.98,1,3
Lush Beach,Thailand,Asia,Historical,124.65,Autumn,4.0,9.81,No,"Skiing,Beach Volley,Food Tour",4,498.6,3,1
Grand Valley,Peru,South America,Beach,151.64,Winter,4.3,2.2,Yes,"Skiing,Surfing,Shopping",3,454.91999999999996,1,5
Crystal Plaza,New Zealand,Oceania,Adventure,225.68,Winter,4.3,7.19,Yes,Food Tour,6,1354.08,0,4
Lush Temple,France,Europe,Beach,57.69,Winter,4.2,4.28,No,"Museum,Trekking",12,692.28,1,2
Ancient Forest,Italy,Europe,City,108.57,Autumn,4.3,5.09,No,"Sightseeing,Beach Volley",11,1194.27,2,2
Crystal Falls,Kenya,Africa,City,103.91,Autumn,4.2,6.74,No,"Shopping,Beach Volley,Sightseeing",3,311.73,2,0
Sacred Forest,USA,North America,Religious,154.38,Summer,4.6,1.23,No,Sightseeing,13,2006.94,5,3
Serene Falls,Greece,Europe,Historical,122.67,Autumn,4.4,6.19,No,"Sightseeing,Shopping",4,490.68,3,2
Serene Plaza,Italy,Europe,Religious,224.93,Winter,4.9,3.04,No,"Trekking,Museum,Shopping",13,2924.09,5,2
Ancient Plaza,Peru,South America,Beach,190.57,Winter,4.2,7.21,No,"Surfing,Shopping,Trekking",5,952.8499999999999,1,5
Lush Park,Mexico,North America,Beach,71.25,Summer,4.8,3.08,No,"Shopping,Sightseeing",5,356.25,1,3
Lush Valley,Germany,Europe,Historical,200.88,Summer,4.6,9.49,Yes,"Sightseeing,Shopping",7,1406.1599999999999,3,2
Golden Beach,Kenya,Africa,Nature,139.25,Spring,4.6,6.08,No,Surfing,3,417.75,4,0
Ancient Ruins,Japan,Asia,Religious,202.37,Winter,4.9,4.38,No,"Trekking,Food Tour,Museum",11,2226.07,5,1
Hidden Pagoda,Vietnam,Asia,City,152.19,Spring,4.4,2.9,No,Shopping,9,1369.71,2,1
Mystic Canyon,Canada,North America,Beach,178.6,Autumn,4.5,4.29,No,"Surfing,Skiing,Museum",10,1786.0,1,3
Sacred Pagoda,Italy,Europe,Adventure,130.73,Autumn,4.6,6.89,No,Museum,9,1176.57,0,2
Hidden Pagoda,Canada,North America,Nature,148.82,Winter,4.4,1.38,No,"Museum,Beach Volley,Skiing",7,1041.74,4,3
Mystic Pagoda,Brazil,South America,Nature,165.83,Winter,4.6,4.62,Yes,"Skiing,Sightseeing,Trekking",7,1160.8100000000002,4,5
Sacred Plaza,Argentina,South America,Historical,128.16,Spring,4.0,7.37,No,"Museum,Sightseeing,Trekking",13,1666.08,3,5
Serene Falls,USA,North America,Beach,150.79,Spring,4.5,6.33,No,"Sightseeing,Skiing,Beach Volley",7,1055.53,1,3
Lush Forest,Spain,Europe,Religious,85.39,Autumn,4.7,7.28,Yes,"Shopping,Sightseeing,Beach Volley",6,512.34,5,2
Hidden Valley,Germany,Europe,Nature,167.96,Spring,4.7,0.63,No,"Food Tour,Sightseeing,Trekking",14,2351.44,4,2
Mystic Ruins,Greece,Europe,Nature,110.81,Summer,4.3,3.07,Yes,"Skiing,Trekking",14,1551.3400000000001,4,2
Ancient Beach,Italy,Europe,City,235.25,Summer,4.4,6.26,No,"Surfing,Skiing,Shopping",7,1646.75,2,2
Sacred Park,South Africa,Africa,Religious,121.0,Autumn,4.6,9.54,No,"Surfing,Skiing,Trekking",11,1331.0,5,0
Ancient Beach,South Africa,Africa,Historical,170.39,Summer,4.6,8.32,No,"Shopping,Food Tour,Surfing",5,851.9499999999999,3,0
Ancient Pagoda,Canada,North America,Religious,153.8,Autumn,4.7,2.4,No,"Sightseeing,Shopping,Trekking",7,1076.6000000000001,5,3
Grand Falls,Morocco,Africa,Beach,220.85,Spring,4.7,7.51,No,"Food Tour,Skiing",6,1325.1,1,0
Ancient Canyon,Italy,Europe,Nature,111.84,Spring,4.5,4.03,No,"Trekking,Museum,Sightseeing",3,335.52,4,2
Serene Forest,Spain,Europe,City,157.69,Summer,4.7,5.61,Yes,"Shopping,Sightseeing,Beach Volley",13,2049.97,2,2
Serene Park,China,Asia,City,110.7,Winter,4.1,9.01,No,Sightseeing,9,996.3000000000001,2,1
Hidden Pagoda,Morocco,Africa,City,205.35,Autumn,4.7,4.82,No,"Museum,Shopping",7,1437.45,2,0
Mystic Forest,Kenya,Africa,Adventure,83.07,Summer,4.7,7.2,Yes,Skiing,13,1079.9099999999999,0,0
Sacred Park,China,Asia,Nature,69.23,Spring,3.9,6.67,No,"Surfing,Skiing,Shopping",5,346.15000000000003,4,1
Hidden Falls,India,Asia,Historical,122.52,Spring,4.8,4.72,No,"Trekking,Shopping,Sightseeing",14,1715.28,3,1
Hidden Park,Thailand,Asia,Religious,115.48,Autumn,4.5,5.17,No,"Trekking,Skiing",4,461.92,5,1
Sacred Canyon,Mexico,North America,Nature,125.34,Winter,4.9,6.72,No,Trekking,4,501.36,4,3
Golden Beach,Japan,Asia,Adventure,115.04,Autumn,4.4,2.02,No,Skiing,10,1150.4,0,1
Crystal Beach,Argentina,South America,Nature,189.52,Summer,4.6,8.23,No,"Food Tour,Sightseeing",9,1705.68,4,5
Golden Canyon,Argentina,South America,City,115.28,Winter,4.6,3.25,No,"Shopping,Trekking",10,1152.8,2,5
Lush Falls,New Zealand,Oceania,Nature,95.74,Winter,4.3,5.39,Yes,"Museum,Food Tour",9,861.66,4,4
Serene Temple,Germany,Europe,City,42.76,Spring,4.7,3.86,No,"Shopping,Trekking,Skiing",3,128.28,2,2
Serene Valley,Brazil,South America,Historical,174.09,Summer,4.7,3.42,No,"Beach Volley,Sightseeing",10,1740.9,3,5
Ancient Park,Peru,South America,Adventure,92.72,Winter,4.1,5.3,No,"Food Tour,Skiing",8,741.76,0,5
Grand Valley,Morocco,Africa,Historical,138.51,Summer,4.2,5.76,No,"Sightseeing,Beach Volley",9,1246.59,3,0
Grand Plaza,Italy,Europe,Historical,79.97,Spring,4.5,8.66,No,"Food Tour,Museum,Surfing",10,799.7,3,2
Grand Beach,Greece,Europe,City,196.09,Summer,4.6,8.66,No,"Museum,Sightseeing",8,1568.72,2,2
Mystic Falls,Argentina,South America,Nature,130.53,Summer,5.0,6.3,No,"Food Tour,Trekking,Surfing",11,1435.83,4,5
Grand Pagoda,Australia,Oceania,Religious,173.68,Winter,4.2,2.2,Yes,"Food Tour,Surfing",5,868.4000000000001,5,4
Crystal Plaza,Egypt,Africa,Nature,98.15,Summer,4.7,1.62,Yes,"Food Tour,Surfing,Museum",11,1079.65,4,0
Golden Forest,Germany,Europe,City,198.79,Spring,4.8,5.39,Yes,Skiing,12,2385.48,2,2
Grand Ruins,China,Asia,Historical,135.95,Summer,4.6,3.87,No,"Surfing,Trekking",7,951.6499999999999,3,1
Serene Forest,Germany,Europe,Adventure,139.15,Winter,4.4,5.43,No,"Museum,Trekking",3,417.45000000000005,0,2
Crystal Plaza,Egypt,Africa,Religious,79.12,Winter,4.7,1.05,Yes,Museum,13,1028.56,5,0
Grand Plaza,Peru,South America,Religious,81.12,Summer,4.3,2.59,Yes,"Beach Volley,Food Tour",14,1135.68,5,5
Golden Canyon,Japan,Asia,Historical,155.63,Winter,4.6,5.79,No,Beach Volley,6,933.78,3,1
Lush Beach,USA,North America,Historical,70.7,Autumn,3.9,5.64,No,Surfing,5,353.5,3,3
Ancient Valley,Mexico,North America,City,204.3,Spring,4.8,2.13,Yes,"Museum,Trekking,Food Tour",8,1634.4,2,3
Crystal Beach,Italy,Europe,City,30.0,Winter,4.5,8.77,No,Trekking,4,120.0,2,2
Lush Beach,Peru,South America,Religious,177.44,Summer,5.0,1.6,No,"Surfing,Sightseeing,Trekking",10,1774.4,5,5
Sacred Canyon,Peru,South America,City,103.73,Winter,4.6,3.7,Yes,Beach Volley,13,1348.49,2,5
Golden Plaza,New Zealand,Oceania,Adventure,171.67,Winter,4.3,2.46,No,Museum,12,2060.04,0,4
Golden Canyon,South Africa,Africa,Religious,192.92,Summer,4.4,2.44,Yes,Sightseeing,4,771.68,5,0
Golden Valley,Canada,North America,Religious,30.0,Spring,4.6,0.67,Yes,"Shopping,Trekking,Food Tour",9,270.0,5,3
Hidden Valley,China,Asia,Religious,281.04,Spring,4.2,6.47,No,"Trekking,Beach Volley,Surfing",12,3372.4800000000005,5,1
Grand Forest,France,Europe,Historical,95.18,Autumn,4.8,0.59,Yes,"Sightseeing,Trekking",6,571.08,3,2
Sacred Valley,Greece,Europe,Historical,164.03,Autumn,5.0,8.44,No,Trekking,13,2132.39,3,2
Golden Beach,USA,North America,City,168.07,Autumn,4.6,5.11,No,"Museum,Trekking",11,1848.77,2,3
Grand Ruins,Mexico,North America,Nature,204.82,Spring,4.3,4.79,No,"Trekking,Sightseeing,Shopping",10,2048.2,4,3
Crystal Temple,France,Europe,Historical,166.69,Spring,4.4,8.88,No,"Trekking,Skiing,Surfing",5,833.45,3,2
Grand Beach,Australia,Oceania,Historical,110.0,Summer,4.5,4.18,No,"Food Tour,Surfing",7,770.0,3,4
Grand Ruins,New Zealand,Oceania,Historical,136.21,Winter,4.8,5.65,Yes,Food Tour,8,1089.68,3,4
Serene Plaza,Spain,Europe,Religious,119.66,Autumn,4.6,4.07,No,Shopping,12,1435.92,5,2
Crystal Park,Mexico,North America,Nature,135.26,Winter,4.9,9.97,No,"Sightseeing,Shopping",4,541.04,4,3
Mystic Park,Peru,South America,Adventure,56.17,Winter,4.7,2.59,Yes,Shopping,12,674.04,0,5
Crystal Forest,New Zealand,Oceania,Religious,87.29,Winter,4.1,1.15,No,Trekking,6,523.74,5,4
Mystic Falls,Germany,Europe,Adventure,119.76,Winter,3.8,7.37,No,"Trekking,Food Tour,Shopping",10,1197.6000000000001,0,2
Mystic Beach,Spain,Europe,Nature,214.47,Summer,4.8,0.58,Yes,Beach Volley,14,3002.58,4,2
Crystal Ruins,Peru,South America,Adventure,182.58,Autumn,4.2,5.1,No,"Museum,Shopping",4,730.32,0,5
Crystal Park,Canada,North America,Beach,163.43,Winter,5.0,1.13,Yes,"Trekking,Food Tour",13,2124.59,1,3
Serene Beach,South Africa,Africa,Nature,172.86,Winter,4.9,7.93,No,"Food Tour,Trekking,Sightseeing",12,2074.32,4,0
Lush Falls,Japan,Asia,Beach,187.56,Autumn,4.7,5.42,Yes,Surfing,11,2063.16,1,1
Mystic Temple,USA,North America,Adventure,170.49,Autumn,4.2,6.39,No,"Skiing,Sightseeing,Trekking",8,1363.92,0,3
Golden Canyon,Mexico,North America,Beach,113.97,Autumn,4.7,2.35,No,Trekking,6,683.8199999999999,1,3
Ancient Ruins,Thailand,Asia,City,164.83,Winter,4.6,9.13,No,"Beach Volley,Shopping",3,494.49,2,1
Lush Temple,India,Asia,Nature,177.07,Autumn,4.9,6.71,No,"Beach Volley,Museum,Sightseeing",7,1239.49,4,1
Grand Falls,Thailand,Asia,Adventure,159.53,Summer,4.8,6.51,No,"Surfing,Museum",14,2233.42,0,1
Lush Pagoda,China,Asia,Nature,145.38,Summer,4.1,7.31,No,Food Tour,9,1308.42,4,1
Golden Forest,Italy,Europe,City,107.62,Autumn,4.3,3.48,No,Skiing,6,645.72,2,2
Lush Plaza,China,Asia,Nature,112.1,Summer,4.3,4.54,Yes,Surfing,8,896.8,4,1
Crystal Park,Argentina,South America,Historical,150.78,Autumn,4.8,2.29,Yes,"Food Tour,Surfing",9,1357.02,3,5
Lush Valley,Italy,Europe,Religious,161.11,Winter,4.4,4.14,No,Museum,6,966.6600000000001,5,2
Sacred Ruins,Australia,Oceania,Beach,175.54,Winter,4.8,8.06,No,"Surfing,Skiing,Museum",8,1404.32,1,4
Mystic Pagoda,China,Asia,Adventure,196.33,Spring,4.2,3.01,No,"Shopping,Trekking,Sightseeing",13,2552.29,0,1
Ancient Canyon,South Africa,Africa,Religious,158.59,Winter,4.7,3.58,No,Skiing,7,1110.13,5,0
Ancient Valley,Peru,South America,Religious,109.13,Winter,4.3,7.1,No,"Food Tour,Skiing,Trekking",11,1200.4299999999998,5,5
Ancient Forest,Greece,Europe,Religious,173.16,Autumn,4.1,3.01,No,Food Tour,13,2251.08,5,2
Grand Beach,China,Asia,Religious,202.23,Winter,4.7,7.89,No,"Shopping,Sightseeing",11,2224.5299999999997,5,1
Mystic Ruins,USA,North America,Historical,115.16,Winter,4.7,1.34,Yes,Food Tour,11,1266.76,3,3
Lush Canyon,Italy,Europe,Adventure,102.53,Spring,4.9,4.61,No,"Food Tour,Sightseeing,Shopping",5,512.65,0,2
Serene Beach,Morocco,Africa,City,167.48,Summer,4.0,0.87,No,"Beach Volley,Museum,Trekking",13,2177.24,2,0
Lush Forest,Egypt,Africa,Historical,88.23,Summer,4.8,9.03,No,Trekking,10,882.3000000000001,3,0
Lush Pagoda,France,Europe,Nature,133.53,Autumn,4.7,9.06,Yes,"Surfing,Shopping",14,1869.42,4,2
Golden Temple,Thailand,Asia,Adventure,126.54,Summer,4.7,5.98,No,"Surfing,Trekking,Museum",5,632.7,0,1
Mystic Beach,New Zealand,Oceania,Historical,187.84,Winter,4.7,8.65,Yes,"Shopping,Trekking",3,563.52,3,4
Golden Park,Morocco,Africa,Historical,145.13,Summer,4.3,1.74,Yes,"Sightseeing,Beach Volley",3,435.39,3,0
Golden Valley,Egypt,Africa,Historical,148.03,Spring,4.5,7.95,No,"Food Tour,Museum,Sightseeing",8,1184.24,3,0
Sacred Ruins,Thailand,Asia,City,59.4,Winter,4.7,6.72,No,"Food Tour,Skiing",6,356.4,2,1
Ancient Canyon,India,Asia,Religious,181.1,Spring,4.9,7.74,No,"Food Tour,Beach Volley,Museum",5,905.5,5,1
Grand Forest,Peru,South America,Historical,203.57,Autumn,5.0,6.43,No,"Skiing,Food Tour,Trekking",3,610.71,3,5
Crystal Falls,Spain,Europe,Historical,162.47,Autumn,4.8,6.02,Yes,Trekking,8,1299.76,3,2
Golden Valley,Australia,Oceania,Adventure,238.44,Winter,4.4,4.2,No,"Food Tour,Surfing,Skiing",4,953.76,0,4
Crystal Plaza,South Africa,Africa,Religious,174.99,Summer,4.1,9.32,No,Trekking,9,1574.91,5,0
Hidden Ruins,Egypt,Africa,Historical,139.68,Spring,4.7,5.51,No,Trekking,14,1955.52,3,0
Lush Pagoda,Egypt,Africa,Nature,181.28,Autumn,4.8,6.14,No,Surfing,4,725.12,4,0
Serene Beach,USA,North America,Nature,146.69,Winter,4.3,6.91,No,"Museum,Surfing,Beach Volley",8,1173.52,4,3
Ancient Temple,Greece,Europe,Beach,97.05,Autumn,4.9,9.45,No,Surfing,3,291.15,1,2
Hidden Forest,Egypt,Africa,Adventure,150.07,Autumn,4.1,7.06,Yes,Skiing,3,450.21,0,0
Crystal Canyon,Morocco,Africa,City,200.57,Summer,4.9,3.12,No,Food Tour,5,1002.8499999999999,2,0
Hidden Beach,Spain,Europe,Historical,170.21,Spring,4.2,6.19,No,Trekking,8,1361.68,3,2
Golden Ruins,Greece,Europe,Religious,178.14,Spring,4.2,4.82,No,"Museum,Food Tour,Shopping",8,1425.12,5,2
Lush Pagoda,Canada,North America,Historical,197.63,Spring,4.6,2.11,No,"Surfing,Sightseeing,Trekking",11,2173.93,3,3
Lush Forest,Italy,Europe,Religious,227.71,Winter,4.8,8.46,No,Surfing,14,3187.94,5,2
Golden Forest,Peru,South America,Adventure,100.99,Autumn,5.0,4.32,No,"Surfing,Museum",10,1009.9,0,5
Golden Temple,Argentina,South America,Nature,162.07,Spring,4.2,3.13,No,"Shopping,Trekking",3,486.21,4,5
Hidden Valley,South Africa,Africa,Religious,157.56,Spring,4.7,6.13,No,Museum,5,787.8,5,0
Grand Forest,Germany,Europe,Historical,126.71,Summer,4.5,0.8,No,Museum,5,633.55,3,2
Ancient Canyon,USA,North America,Nature,109.63,Autumn,4.5,6.27,Yes,"Shopping,Museum,Beach Volley",11,1205.9299999999998,4,3
Ancient Pagoda,Peru,South America,Religious,93.47,Summer,4.7,8.7,Yes,"Trekking,Museum",6,560.8199999999999,5,5
Crystal Temple,Mexico,North America,Historical,141.68,Autumn,4.6,7.51,No,Trekking,3,425.04,3,3
Golden Temple,Australia,Oceania,Historical,194.77,Winter,4.3,9.97,Yes,"Trekking,Shopping,Sightseeing",9,1752.93,3,4
Sacred Ruins,Spain,Europe,Adventure,164.43,Summer,4.5,4.92,No,Food Tour,6,986.58,0,2
Sacred Canyon,Canada,North America,Historical,124.18,Autumn,4.4,9.77,No,"Museum,Sightseeing,Skiing",14,1738.52,3,3
Sacred Ruins,Peru,South America,City,167.15,Summer,4.6,9.41,No,"Beach Volley,Museum",13,2172.9500000000003,2,5
Sacred Valley,Canada,North America,Religious,139.71,Summer,4.3,1.17,No,"Skiing,Food Tour",11,1536.8100000000002,5,3
Ancient Falls,France,Europe,Historical,117.02,Summer,4.3,4.96,No,"Shopping,Food Tour,Skiing",5,585.1,3,2
Crystal Beach,India,Asia,Beach,125.44,Summer,4.4,2.09,No,"Shopping,Museum,Food Tour",11,1379.84,1,1
Serene Canyon,South Africa,Africa,Historical,64.89,Winter,4.4,8.08,No,"Surfing,Trekking,Food Tour",13,843.57,3,0
Ancient Canyon,Brazil,South America,Nature,89.84,Spring,4.2,2.71,No,"Surfing,Shopping,Sightseeing",9,808.5600000000001,4,5
Sacred Forest,Germany,Europe,City,130.92,Spring,4.3,3.88,Yes,"Sightseeing,Surfing,Skiing",11,1440.12,2,2
Crystal Ruins,Greece,Europe,City,127.19,Spring,4.6,2.5,No,"Beach Volley,Food Tour,Sightseeing",11,1399.09,2,2
Crystal Park,Argentina,South America,Nature,131.03,Winter,4.6,3.76,Yes,Sightseeing,4,524.12,4,5
Golden Pagoda,Peru,South America,Nature,148.43,Autumn,4.2,3.37,Yes,"Surfing,Museum",10,1484.3000000000002,4,5
Ancient Plaza,Kenya,Africa,Beach,217.6,Summer,4.6,1.8,No,"Skiing,Museum",10,2176.0,1,0
Crystal Falls,China,Asia,City,159.19,Autumn,5.0,1.87,No,Skiing,8,1273.52,2,1
Lush Park,Canada,North America,Religious,78.68,Summer,4.7,5.13,No,"Surfing,Beach Volley,Skiing",8,629.44,5,3
Crystal Pagoda,Germany,Europe,Beach,145.97,Autumn,4.3,3.41,Yes,"Trekking,Sightseeing",8,1167.76,1,2
Crystal Falls,Vietnam,Asia,City,90.71,Winter,3.8,7.39,Yes,"Museum,Sightseeing,Surfing",13,1179.23,2,1
Hidden Pagoda,China,Asia,City,241.63,Spring,4.7,7.88,No,Surfing,8,1933.04,2,1
Hidden Pagoda,Vietnam,Asia,Beach,129.29,Summer,4.7,5.61,No,"Museum,Skiing",14,1810.06,1,1
Mystic Forest,India,Asia,City,136.06,Spring,4.8,2.35,No,"Sightseeing,Surfing,Museum",12,1632.72,2,1
Ancient Canyon,Greece,Europe,Adventure,235.13,Summer,4.5,5.18,No,"Food Tour,Beach Volley,Surfing",4,940.52,0,2
Serene Park,New Zealand,Oceania,Adventure,212.34,Autumn,4.5,3.93,No,"Museum,Sightseeing",6,1274.04,0,4
Grand Valley,Mexico,North America,Nature,136.34,Winter,4.8,3.62,No,"Food Tour,Surfing,Sightseeing",11,1499.74,4,3
Grand Park,Peru,South America,City,228.14,Autumn,4.4,1.7,No,"Museum,Sightseeing,Beach Volley",5,1140.6999999999998,2,5
Ancient Park,Peru,South America,Nature,163.1,Winter,4.1,6.0,Yes,Trekking,10,1631.0,4,5
Ancient Pagoda,Vietnam,Asia,Beach,260.94,Autumn,4.5,2.68,No,"Beach Volley,Museum,Trekking",4,1043.76,1,1
Ancient Park,USA,North America,Historical,45.17,Autumn,4.8,6.79,Yes,Museum,12,542.04,3,3
Golden Valley,China,Asia,Historical,160.84,Autumn,4.2,2.26,No,"Museum,Trekking,Surfing",5,804.2,3,1
Mystic Pagoda,Canada,North America,City,104.57,Summer,4.3,2.24,No,"Museum,Skiing",5,522.8499999999999,2,3
Lush Temple,New Zealand,Oceania,Historical,122.59,Autumn,4.8,9.31,No,Shopping,6,735.54,3,4
Crystal Plaza,Canada,North America,Religious,153.37,Spring,4.6,1.86,Yes,"Museum,Skiing",3,460.11,5,3
Sacred Plaza,Japan,Asia,Beach,210.9,Summer,4.3,3.99,No,"Shopping,Surfing,Museum",3,632.7,1,1
Sacred Beach,Germany,Europe,Historical,155.81,Summer,4.2,8.53,No,"Trekking,Surfing",11,1713.91,3,2
Crystal Beach,France,Europe,Religious,123.44,Spring,4.6,6.89,Yes,"Sightseeing,Shopping,Museum",13,1604.72,5,2
Grand Plaza,Mexico,North America,Adventure,115.88,Autumn,4.3,8.8,No,"Food Tour,Museum",3,347.64,0,3
Lush Ruins,China,Asia,Adventure,108.07,Winter,4.2,0.51,No,"Trekking,Surfing,Sightseeing",14,1512.98,0,1
Hidden Plaza,Canada,North America,Nature,164.81,Autumn,4.6,6.46,No,Shopping,9,1483.29,4,3
Ancient Beach,Germany,Europe,Historical,118.13,Winter,4.6,4.85,Yes,"Food Tour,Beach Volley,Sightseeing",14,1653.82,3,2
Mystic Valley,Germany,Europe,Religious,114.27,Autumn,4.4,5.12,No,"Museum,Surfing,Skiing",4,457.08,5,2
Grand Park,Germany,Europe,Religious,103.17,Autumn,4.3,2.76,No,"Food Tour,Beach Volley,Shopping",14,1444.38,5,2
Lush Plaza,USA,North America,Adventure,146.52,Autumn,4.8,4.93,No,"Surfing,Food Tour,Sightseeing",9,1318.68,0,3
Golden Park,Japan,Asia,City,119.66,Winter,4.6,5.13,No,Sightseeing,4,478.64,2,1
Crystal Plaza,Vietnam,Asia,Religious,246.96,Winter,4.1,10.0,No,"Trekking,Sightseeing,Beach Volley",10,2469.6,5,1
Golden Park,New Zealand,Oceania,Nature,123.69,Spring,4.9,8.36,Yes,Shopping,8,989.52,4,4
Lush Valley,Vietnam,Asia,Religious,120.03,Spring,4.2,5.35,Yes,"Trekking,Museum",13,1560.39,5,1
Ancient Forest,Germany,Europe,Religious,188.41,Spring,4.6,5.34,No,"Museum,Trekking,Surfing",5,942.05,5,2
Ancient Forest,Egypt,Africa,Beach,117.46,Winter,4.5,0.83,No,"Skiing,Food Tour",9,1057.1399999999999,1,0
Sacred Beach,South Africa,Africa,Historical,45.79,Summer,5.0,8.47,No,Skiing,3,137.37,3,0
Hidden Plaza,Vietnam,Asia,Adventure,72.34,Autumn,4.4,0.97,No,"Trekking,Surfing,Sightseeing",10,723.4000000000001,0,1
Crystal Park,Japan,Asia,Historical,121.51,Spring,4.6,6.28,Yes,Surfing,12,1458.1200000000001,3,1
Golden Canyon,Brazil,South America,Beach,109.27,Autumn,4.3,4.11,No,"Trekking,Surfing,Beach Volley",6,655.62,1,5
Mystic Forest,Egypt,Africa,Beach,127.5,Spring,4.9,7.63,No,"Sightseeing,Surfing",7,892.5,1,0
Crystal Canyon,Spain,Europe,Historical,166.25,Spring,4.4,2.75,Yes,Sightseeing,9,1496.25,3,2
Mystic Pagoda,Brazil,South America,Beach,184.28,Summer,5.0,9.33,No,Trekking,4,737.12,1,5
Serene Pagoda,Japan,Asia,City,118.0,Spring,4.5,0.68,No,Shopping,6,708.0,2,1
Ancient Ruins,USA,North America,Nature,154.9,Summer,4.9,7.86,No,"Sightseeing,Surfing",12,1858.8000000000002,4,3
Grand Plaza,Egypt,Africa,City,114.86,Autumn,4.1,0.79,No,"Museum,Surfing,Beach Volley",6,689.16,2,0
Mystic Temple,Mexico,North America,Religious,154.59,Autumn,4.6,9.37,No,"Sightseeing,Surfing",13,2009.67,5,3
Crystal Valley,South Africa,Africa,Religious,184.75,Spring,4.1,6.95,Yes,Museum,10,1847.5,5,0
Crystal Pagoda,Italy,Europe,City,193.46,Autumn,4.4,9.5,No,"Sightseeing,Skiing,Museum",10,1934.6000000000001,2,2
Grand Pagoda,New Zealand,Oceania,City,166.57,Autumn,4.7,3.14,No,"Shopping,Food Tour,Beach Volley",14,2331.98,2,4
Lush Plaza,Brazil,South America,City,193.8,Autumn,4.9,9.91,Yes,Beach Volley,12,2325.6000000000004,2,5
Sacred Falls,Kenya,Africa,Historical,95.58,Summer,4.1,1.25,Yes,"Sightseeing,Shopping",5,477.9,3,0
Crystal Valley,Thailand,Asia,Nature,68.03,Spring,4.4,3.76,No,Skiing,3,204.09,4,1
Serene Park,Brazil,South America,Religious,126.58,Autumn,4.2,9.32,No,Sightseeing,5,632.9,5,5
Mystic Falls,Canada,North America,Nature,166.2,Spring,4.2,1.93,No,"Surfing,Trekking,Beach Volley",4,664.8,4,3
Golden Plaza,New Zealand,Oceania,Beach,147.24,Summer,4.6,5.26,No,"Beach Volley,Museum",9,1325.16,1,4
Hidden Temple,Greece,Europe,Nature,140.66,Summer,4.0,6.79,No,"Museum,Skiing",7,984.62,4,2
Ancient Beach,Argentina,South America,Historical,191.24,Winter,4.7,5.99,Yes,"Food Tour,Museum",14,2677.36,3,5
Ancient Valley,Egypt,Africa,Religious,102.55,Winter,5.0,4.32,No,Shopping,9,922.9499999999999,5,0
Mystic Valley,Spain,Europe,Nature,136.49,Winter,4.7,7.07,No,"Skiing,Food Tour",3,409.47,4,2
Ancient Pagoda,USA,North America,Historical,108.77,Spring,4.3,2.25,No,Surfing,5,543.85,3,3
Ancient Canyon,Brazil,South America,Adventure,108.19,Spring,3.9,8.39,Yes,"Trekking,Shopping,Museum",5,540.95,0,5
Golden Canyon,Italy,Europe,Adventure,167.63,Autumn,4.3,5.55,No,"Sightseeing,Museum,Skiing",5,838.15,0,2
Serene Park,Brazil,South America,City,146.87,Autumn,3.9,3.35,Yes,"Beach Volley,Skiing",8,1174.96,2,5
Sacred Plaza,China,Asia,City,81.58,Autumn,5.0,2.06,Yes,Shopping,3,244.74,2,1
Crystal Valley,Canada,North America,Nature,156.14,Summer,4.2,9.07,No,"Beach Volley,Museum,Skiing",4,624.56,4,3
Crystal Pagoda,Italy,Europe,Beach,213.19,Summer,4.2,6.76,No,Trekking,8,1705.52,1,2
Golden Beach,France,Europe,Adventure,245.47,Winter,4.7,9.03,No,"Beach Volley,Surfing,Skiing",6,1472.82,0,2
Hidden Plaza,Kenya,Africa,Adventure,67.26,Spring,4.2,0.6,Yes,"Shopping,Surfing",3,201.78000000000003,0,0
Grand Valley,South Africa,Africa,Beach,173.34,Autumn,4.7,1.49,No,"Trekking,Sightseeing,Beach Volley",8,1386.72,1,0
Lush Valley,New Zealand,Oceania,City,93.49,Summer,5.0,1.63,No,"Food Tour,Museum",14,1308.86,2,4
Crystal Plaza,South Africa,Africa,Nature,157.45,Spring,4.3,7.52,No,Sightseeing,13,2046.85,4,0
Hidden Valley,Italy,Europe,Religious,153.6,Summer,4.4,5.56,No,"Museum,Skiing,Food Tour",10,1536.0,5,2
Golden Plaza,India,Asia,Historical,62.78,Winter,4.7,9.41,Yes,"Shopping,Skiing",5,313.9,3,1
Ancient Falls,Kenya,Africa,City,54.61,Spring,4.2,0.98,No,"Surfing,Trekking,Museum",11,600.71,2,0
Mystic Beach,Vietnam,Asia,Beach,156.48,Autumn,4.4,4.85,No,"Beach Volley,Museum",6,938.8799999999999,1,1
Ancient Forest,Canada,North America,Beach,177.83,Winter,4.1,2.9,No,Sightseeing,9,1600.47,1,3
Lush Beach,Morocco,Africa,Historical,56.72,Autumn,4.8,8.32,No,Trekking,9,510.48,3,0
Golden Plaza,Italy,Europe,Historical,145.32,Summer,4.9,3.83,No,"Skiing,Trekking,Food Tour",13,1889.1599999999999,3,2
Sacred Ruins,Greece,Europe,City,207.68,Autumn,4.3,3.62,No,"Food Tour,Beach Volley",3,623.04,2,2
Mystic Pagoda,South Africa,Africa,City,74.03,Summer,3.7,8.49,Yes,Surfing,3,222.09,2,0
Golden Temple,Morocco,Africa,Beach,122.22,Autumn,4.1,8.18,No,"Sightseeing,Food Tour,Shopping",12,1466.6399999999999,1,0
Golden Canyon,Morocco,Africa,City,129.43,Summer,4.8,4.86,Yes,"Surfing,Food Tour,Shopping",7,906.01,2,0
Ancient Valley,Greece,Europe,Adventure,170.54,Winter,4.4,1.63,No,"Beach Volley,Sightseeing,Skiing",10,1705.3999999999999,0,2
Serene Plaza,Greece,Europe,Adventure,159.52,Winter,4.6,5.55,Yes,"Trekking,Sightseeing",10,1595.2,0,2
Sacred Ruins,Peru,South America,Religious,148.66,Autumn,4.3,4.37,No,Trekking,7,1040.62,5,5
Hidden Valley,Peru,South America,City,172.68,Summer,4.2,9.73,No,"Food Tour,Museum,Surfing",13,2244.84,2,5
Mystic Falls,Greece,Europe,Historical,236.17,Winter,4.6,1.15,No,Trekking,9,2125.5299999999997,3,2
Golden Ruins,New Zealand,Oceania,City,101.86,Autumn,4.4,6.32,Yes,Trekking,12,1222.32,2,4
Golden Pagoda,Greece,Europe,Religious,158.99,Autumn,4.6,1.23,No,"Beach Volley,Sightseeing",12,1907.88,5,2
Ancient Park,Spain,Europe,Beach,185.73,Summer,3.9,4.33,Yes,"Beach Volley,Museum",11,2043.03,1,2
Serene Ruins,Argentina,South America,Adventure,170.17,Autumn,4.6,6.31,No,"Sightseeing,Beach Volley",8,1361.36,0,5
Mystic Park,Morocco,Africa,Historical,81.42,Autumn,4.3,1.51,No,"Museum,Surfing",12,977.04,3,0
Ancient Canyon,Italy,Europe,Nature,96.54,Winter,4.0,6.92,No,"Shopping,Surfing",7,675.7800000000001,4,2
Serene Valley,Japan,Asia,Adventure,122.22,Summer,4.6,4.25,No,"Skiing,Beach Volley",9,1099.98,0,1
Sacred Forest,Australia,Oceania,Beach,131.15,Spring,4.4,8.36,No,"Beach Volley,Sightseeing,Museum",10,1311.5,1,4
Serene Valley,Mexico,North America,Adventure,145.33,Winter,4.3,2.1,Yes,"Sightseeing,Trekking,Shopping",8,1162.64,0,3
Mystic Beach,Germany,Europe,Religious,157.66,Autumn,4.8,2.7,No,Museum,12,1891.92,5,2
Grand Canyon,Italy,Europe,Religious,237.75,Spring,4.5,9.6,Yes,"Beach Volley,Shopping",9,2139.75,5,2
Golden Forest,Peru,South America,Nature,167.68,Autumn,4.4,9.38,Yes,Shopping,13,2179.84,4,5
Ancient Valley,USA,North America,City,161.26,Summer,4.7,6.48,No,Shopping,8,1290.08,2,3
Hidden Plaza,Mexico,North America,Religious,223.22,Autumn,4.3,5.55,No,Beach Volley,5,1116.1,5,3
Ancient Falls,Canada,North America,Religious,113.35,Spring,5.0,7.45,Yes,"Skiing,Sightseeing,Trekking",11,1246.85,5,3
Serene Plaza,Mexico,North America,Beach,135.07,Winter,4.6,8.41,No,Surfing,11,1485.77,1,3
Golden Plaza,Mexico,North America,Beach,210.03,Autumn,4.5,4.6,No,Food Tour,10,2100.3,1,3
Hidden Ruins,Germany,Europe,City,186.61,Autumn,4.4,2.89,Yes,Sightseeing,7,1306.27,2,2
Crystal Temple,India,Asia,Religious,147.17,Winter,4.9,5.38,No,Shopping,4,588.68,5,1
Golden Canyon,Peru,South America,City,183.65,Summer,4.0,3.59,No,Skiing,3,550.95,2,5
Mystic Falls,Germany,Europe,Beach,145.28,Autumn,4.6,7.42,No,"Skiing,Surfing,Museum",5,726.4,1,2
Mystic Park,Mexico,North America,Historical,215.4,Winter,4.1,8.15,No,Skiing,9,1938.6000000000001,3,3
Sacred Pagoda,New Zealand,Oceania,City,143.52,Summer,4.7,7.94,No,"Trekking,Shopping,Skiing",10,1435.2,2,4
Crystal Beach,Canada,North America,Nature,153.67,Autumn,4.4,6.77,No,"Beach Volley,Shopping",12,1844.04,4,3
Grand Park,Thailand,Asia,Religious,113.52,Winter,4.6,9.42,Yes,"Skiing,Food Tour",9,1021.68,5,1
Golden Plaza,Mexico,North America,Nature,172.18,Winter,4.2,2.62,No,Museum,5,860.9000000000001,4,3
Sacred Beach,Italy,Europe,Beach,172.53,Autumn,3.9,4.46,No,"Sightseeing,Shopping,Trekking",9,1552.77,1,2
Ancient Pagoda,Thailand,Asia,Nature,133.61,Autumn,4.4,4.47,No,Beach Volley,11,1469.71,4,1
Golden Plaza,Vietnam,Asia,City,169.45,Summer,4.6,1.3,No,"Shopping,Surfing",3,508.34999999999997,2,1
Ancient Beach,Canada,North America,City,107.98,Spring,4.4,0.66,Yes,"Surfing,Skiing",12,1295.76,2,3
Lush Park,Vietnam,Asia,Religious,202.44,Spring,5.0,2.05,Yes,"Trekking,Surfing",13,2631.72,5,1
Mystic Plaza,South Africa,Africa,Beach,131.32,Autumn,4.3,8.75,No,"Surfing,Skiing",4,525.28,1,0
Golden Valley,USA,North America,Historical,143.03,Autumn,4.7,0.98,No,Skiing,8,1144.24,3,3
Crystal Plaza,China,Asia,Religious,154.17,Spring,4.3,4.23,No,"Food Tour,Shopping,Beach Volley",8,1233.36,5,1
Ancient Park,Brazil,South America,Religious,153.63,Winter,4.4,0.61,No,Shopping,3,460.89,5,5
Hidden Beach,Peru,South America,Religious,116.17,Summer,4.8,0.88,No,"Beach Volley,Food Tour",10,1161.7,5,5
Golden Falls,Greece,Europe,Adventure,63.44,Spring,4.9,9.75,No,Food Tour,14,888.16,0,2
Serene Ruins,Japan,Asia,City,63.31,Summer,4.6,7.24,No,"Shopping,Skiing,Trekking",3,189.93,2,1
Serene Temple,Peru,South America,City,173.67,Summer,4.4,4.06,No,"Surfing,Beach Volley",12,2084.04,2,5
Grand Canyon,Peru,South America,Historical,118.49,Spring,4.5,4.55,No,"Sightseeing,Shopping",14,1658.86,3,5
Lush Forest,Italy,Europe,Beach,171.61,Spring,4.6,2.63,No,"Beach Volley,Skiing,Food Tour",4,686.44,1,2
Sacred Canyon,Australia,Oceania,Beach,181.78,Autumn,4.3,9.34,No,Food Tour,9,1636.02,1,4
Ancient Temple,India,Asia,Nature,144.47,Spring,4.2,3.71,No,Trekking,10,1444.7,4,1
Mystic Canyon,India,Asia,Beach,183.87,Summer,4.3,0.99,No,Food Tour,9,1654.83,1,1
Mystic Pagoda,Spain,Europe,Beach,30.0,Winter,4.4,3.68,Yes,Surfing,10,300.0,1,2
Sacred Ruins,Germany,Europe,City,183.66,Summer,3.8,2.03,Yes,"Trekking,Beach Volley",8,1469.28,2,2
Golden Canyon,Vietnam,Asia,Historical,216.43,Autumn,4.6,7.72,No,"Shopping,Beach Volley",10,2164.3,3,1
Serene Forest,Canada,North America,Beach,141.4,Summer,4.4,3.05,No,Beach Volley,12,1696.8000000000002,1,3
Hidden Pagoda,Morocco,Africa,Historical,92.28,Autumn,4.0,6.96,No,"Surfing,Sightseeing,Museum",11,1015.08,3,0
Mystic Canyon,South Africa,Africa,Religious,228.39,Autumn,4.2,2.34,No,Skiing,7,1598.73,5,0
Crystal Beach,USA,North America,Historical,84.14,Winter,4.7,8.92,No,Surfing,7,588.98,3,3
Mystic Park,Germany,Europe,Historical,134.37,Spring,4.7,2.68,No,"Surfing,Sightseeing,Skiing",9,1209.33,3,2
Mystic Ruins,USA,North America,Religious,76.66,Spring,4.3,6.89,Yes,"Beach Volley,Shopping,Food Tour",14,1073.24,5,3
Hidden Park,USA,North America,City,175.83,Summer,4.8,8.33,Yes,Shopping,5,879.1500000000001,2,3
Serene Forest,Germany,Europe,Adventure,94.82,Spring,4.4,7.51,No,"Museum,Trekking",6,568.92,0,2
Mystic Falls,Italy,Europe,Religious,220.07,Spring,4.2,3.07,No,Beach Volley,14,3080.98,5,2
Ancient Beach,India,Asia,Nature,194.65,Winter,5.0,8.73,No,"Beach Volley,Trekking,Museum",12,2335.8,4,1
Hidden Ruins,China,Asia,Adventure,135.99,Winter,4.0,6.38,No,Sightseeing,13,1767.8700000000001,0,1
Crystal Pagoda,France,Europe,Religious,73.25,Spring,3.9,3.64,No,"Trekking,Skiing",12,879.0,5,2
Lush Falls,Argentina,South America,Nature,207.23,Winter,4.6,2.41,No,"Sightseeing,Food Tour",14,2901.22,4,5
Mystic Forest,Greece,Europe,Religious,159.26,Autumn,4.6,8.32,No,"Skiing,Shopping",10,1592.6,5,2
Serene Pagoda,Greece,Europe,Historical,223.48,Summer,4.6,0.65,No,"Shopping,Skiing",3,670.4399999999999,3,2
Serene Park,Japan,Asia,Beach,102.38,Spring,4.3,7.77,Yes,Museum,3,307.14,1,1
Ancient Forest,Australia,Oceania,City,179.32,Spring,4.4,1.48,Yes,"Food Tour,Beach Volley,Surfing",8,1434.56,2,4
Grand Temple,India,Asia,Religious,195.02,Summer,4.6,3.58,No,"Trekking,Food Tour",5,975.1,5,1
Hidden Plaza,Vietnam,Asia,Historical,195.08,Summer,5.0,6.23,No,Surfing,12,2340.96,3,1
Hidden Beach,Germany,Europe,Religious,186.78,Autumn,5.0,4.58,No,"Sightseeing,Shopping",14,2614.92,5,2
Lush Forest,Argentina,South America,Historical,195.9,Spring,4.3,2.65,No,"Skiing,Shopping",11,2154.9,3,5
Grand Pagoda,Spain,Europe,City,97.49,Autumn,4.7,6.44,No,"Sightseeing,Museum,Surfing",7,682.43,2,2
Grand Ruins,Argentina,South America,City,109.59,Autumn,4.7,1.07,No,Surfing,3,328.77,2,5
Crystal Pagoda,South Africa,Africa,Nature,164.19,Summer,4.2,8.57,Yes,Trekking,8,1313.52,4,0
Grand Valley,Australia,Oceania,Historical,135.69,Summer,3.9,9.32,No,"Food Tour,Museum",9,1221.21,3,4
Sacred Pagoda,France,Europe,Adventure,129.1,Spring,3.9,0.63,No,"Food Tour,Beach Volley",13,1678.3,0,2
Grand Canyon,South Africa,Africa,City,140.72,Winter,4.4,0.76,Yes,"Trekking,Museum",7,985.04,2,0
Crystal Park,New Zealand,Oceania,Adventure,96.46,Summer,5.0,5.71,No,Skiing,12,1157.52,0,4
Golden Ruins,Argentina,South America,Adventure,122.71,Autumn,4.2,6.81,Yes,"Shopping,Museum,Food Tour",3,368.13,0,5
Crystal Plaza,Brazil,South America,Historical,159.24,Autumn,4.8,5.86,Yes,"Beach Volley,Surfing,Skiing",11,1751.64,3,5
Crystal Pagoda,USA,North America,Adventure,111.35,Winter,4.5,1.35,Yes,"Trekking,Surfing,Skiing",3,334.04999999999995,0,3
Grand Canyon,Spain,Europe,Nature,66.57,Spring,4.8,9.21,No,"Surfing,Sightseeing",14,931.9799999999999,4,2
Ancient Falls,Morocco,Africa,Religious,96.62,Autumn,4.4,7.29,No,"Sightseeing,Surfing",14,1352.68,5,0
Mystic Park,Australia,Oceania,Religious,161.45,Summer,3.9,7.13,No,"Food Tour,Trekking",9,1453.05,5,4
Mystic Falls,Italy,Europe,City,155.56,Spring,4.5,6.93,No,Trekking,7,1088.92,2,2
Hidden Beach,USA,North America,Beach,168.38,Spring,4.5,3.31,No,"Sightseeing,Beach Volley,Surfing",11,1852.1799999999998,1,3
Mystic Valley,Argentina,South America,Historical,182.63,Summer,4.2,6.52,No,"Surfing,Museum",8,1461.04,3,5
Crystal Canyon,Egypt,Africa,City,138.09,Spring,4.5,7.42,No,"Sightseeing,Skiing",10,1380.9,2,0
Hidden Ruins,Kenya,Africa,Religious,208.25,Spring,4.1,5.79,Yes,"Beach Volley,Skiing",3,624.75,5,0
Lush Plaza,France,Europe,City,106.08,Spring,4.4,1.4,No,Sightseeing,11,1166.8799999999999,2,2
Sacred Temple,Peru,South America,City,111.99,Summer,4.6,4.32,Yes,Museum,14,1567.86,2,5
Ancient Valley,Canada,North America,Nature,194.07,Summer,4.7,1.62,No,Surfing,8,1552.56,4,3
Hidden Ruins,Germany,Europe,Beach,85.12,Autumn,4.3,0.62,No,"Shopping,Sightseeing",9,766.08,1,2
Crystal Beach,India,Asia,Nature,208.51,Spring,4.5,9.6,Yes,"Beach Volley,Museum",9,1876.59,4,1
Mystic Temple,Greece,Europe,City,180.42,Winter,5.0,1.31,No,"Museum,Trekking",14,2525.8799999999997,2,2
Ancient Plaza,Argentina,South America,City,42.38,Winter,4.8,6.27,Yes,"Food Tour,Sightseeing,Shopping",10,423.8,2,5
Grand Beach,Greece,Europe,Beach,80.55,Summer,4.3,1.4,No,"Shopping,Beach Volley,Museum",12,966.5999999999999,1,2
Sacred Park,Canada,North America,Beach,118.61,Summer,4.4,2.18,No,Shopping,14,1660.54,1,3
Golden Valley,Italy,Europe,Adventure,148.42,Summer,4.6,5.55,No,"Surfing,Shopping",8,1187.36,0,2
Ancient Park,Argentina,South America,Religious,213.85,Summer,4.6,3.61,No,"Surfing,Shopping,Sightseeing",11,2352.35,5,5
Hidden Beach,Canada,North America,Nature,109.11,Winter,4.0,6.89,Yes,Museum,12,1309.32,4,3
Hidden Falls,Spain,Europe,City,92.33,Spring,4.8,1.77,No,"Surfing,Food Tour",12,1107.96,2,2
Ancient Valley,USA,North America,Nature,104.15,Winter,4.6,6.0,No,Museum,5,520.75,4,3
Crystal Ruins,South Africa,Africa,Beach,205.04,Winter,4.8,7.66,No,"Beach Volley,Surfing",12,2460.48,1,0
Sacred Pagoda,New Zealand,Oceania,Beach,149.99,Summer,4.8,7.44,No,Beach Volley,10,1499.9,1,4
Ancient Ruins,Japan,Asia,Religious,90.91,Winter,4.6,0.74,No,Surfing,13,1181.83,5,1
Serene Plaza,Japan,Asia,Adventure,127.02,Autumn,4.0,6.36,Yes,"Trekking,Museum",10,1270.2,0,1
Sacred Ruins,Greece,Europe,Historical,131.93,Summer,4.6,1.69,No,"Shopping,Trekking",3,395.79,3,2
Golden Valley,Vietnam,Asia,Historical,277.73,Spring,4.3,5.64,No,"Shopping,Sightseeing,Trekking",11,3055.03,3,1
Lush Park,Peru,South America,Adventure,159.81,Summer,4.2,5.67,No,"Skiing,Surfing,Museum",14,2237.34,0,5
Grand Canyon,Argentina,South America,Religious,182.87,Autumn,4.1,8.29,Yes,Trekking,9,1645.83,5,5
Lush Falls,Thailand,Asia,City,149.88,Summer,4.3,7.05,No,"Beach Volley,Surfing,Trekking",11,1648.6799999999998,2,1
Grand Pagoda,USA,North America,Beach,108.11,Autumn,4.2,6.33,No,"Trekking,Food Tour",10,1081.1,1,3
Grand Plaza,Australia,Oceania,Religious,229.49,Summer,4.7,3.97,Yes,"Surfing,Skiing",9,2065.41,5,4
Serene Falls,South Africa,Africa,Beach,124.04,Winter,5.0,2.3,Yes,"Shopping,Sightseeing,Trekking",14,1736.5600000000002,1,0
Grand Pagoda,Canada,North America,Nature,175.14,Autumn,5.0,3.91,Yes,"Surfing,Food Tour,Trekking",12,2101.68,4,3
Grand Falls,Brazil,South America,Religious,131.29,Spring,4.5,7.78,No,"Skiing,Museum",9,1181.61,5,5
Sacred Canyon,Vietnam,Asia,Religious,98.68,Autumn,4.9,6.92,No,Food Tour,7,690.76,5,1
Lush Pagoda,Germany,Europe,Adventure,221.29,Summer,4.3,4.81,Yes,"Beach Volley,Museum,Trekking",4,885.16,0,2
Golden Valley,Mexico,North America,Religious,183.95,Winter,4.5,2.88,Yes,"Sightseeing,Surfing",3,551.8499999999999,5,3
Grand Park,Vietnam,Asia,Religious,160.9,Summer,4.2,9.71,No,"Food Tour,Surfing",11,1769.9,5,1
Ancient Valley,Kenya,Africa,Historical,120.31,Winter,4.5,3.72,No,Beach Volley,14,1684.3400000000001,3,0
Serene Canyon,Kenya,Africa,Nature,87.47,Autumn,4.5,6.75,No,"Museum,Skiing,Food Tour",7,612.29,4,0
Sacred Falls,Kenya,Africa,Adventure,92.33,Autumn,4.0,1.59,No,Skiing,4,369.32,0,0
Golden Plaza,New Zealand,Oceania,Nature,139.33,Summer,4.8,4.18,No,Shopping,12,1671.96,4,4
Grand Pagoda,Greece,Europe,Adventure,114.55,Autumn,5.0,6.66,No,Museum,5,572.75,0,2
Crystal Ruins,India,Asia,Beach,158.63,Summer,4.7,9.57,Yes,"Shopping,Skiing,Food Tour",13,2062.19,1,1
Grand Pagoda,Vietnam,Asia,Adventure,146.13,Winter,4.1,6.22,No,Trekking,13,1899.69,0,1
Sacred Park,Greece,Europe,Nature,60.16,Autumn,4.9,3.71,No,"Sightseeing,Food Tour",9,541.4399999999999,4,2
Grand Canyon,Vietnam,Asia,Adventure,136.01,Winter,4.2,2.05,No,"Beach Volley,Skiing",3,408.03,0,1
Hidden Canyon,Vietnam,Asia,Nature,107.98,Autumn,4.7,1.06,No,"Shopping,Skiing,Museum",7,755.86,4,1
Mystic Falls,Peru,South America,Beach,258.25,Summer,4.9,8.78,No,"Shopping,Food Tour",11,2840.75,1,5
Hidden Plaza,Japan,Asia,Religious,57.7,Summer,4.8,8.13,No,Beach Volley,5,288.5,5,1
Grand Falls,Greece,Europe,Adventure,109.19,Spring,4.5,5.88,No,"Surfing,Shopping",9,982.71,0,2
Crystal Park,Italy,Europe,Religious,139.79,Winter,4.7,3.32,Yes,Sightseeing,7,978.53,5,2
Ancient Falls,Spain,Europe,Religious,146.3,Summer,4.5,4.61,No,"Skiing,Shopping,Surfing",14,2048.2000000000003,5,2
Grand Park,USA,North America,Beach,112.18,Spring,4.6,9.43,Yes,"Food Tour,Surfing",10,1121.8000000000002,1,3
Lush Park,Australia,Oceania,Adventure,175.28,Spring,4.9,8.37,Yes,"Food Tour,Skiing",6,1051.68,0,4
Hidden Park,France,Europe,Historical,147.71,Autumn,4.3,6.49,No,"Food Tour,Beach Volley",14,2067.94,3,2
Serene Falls,Greece,Europe,Adventure,174.57,Summer,4.7,3.13,No,"Shopping,Trekking,Museum",3,523.71,0,2
Crystal Falls,Vietnam,Asia,Nature,177.98,Spring,4.3,0.88,Yes,"Surfing,Food Tour,Museum",11,1957.78,4,1
Ancient Forest,Thailand,Asia,City,171.8,Autumn,3.7,6.02,No,Surfing,10,1718.0,2,1
Grand Temple,Canada,North America,Historical,159.34,Spring,4.6,5.07,Yes,"Beach Volley,Skiing",7,1115.38,3,3
Ancient Park,Egypt,Africa,Religious,116.25,Summer,4.4,4.68,No,"Surfing,Trekking,Sightseeing",13,1511.25,5,0
Sacred Pagoda,Peru,South America,Historical,86.77,Summer,5.0,1.02,No,Beach Volley,10,867.6999999999999,3,5
Crystal Forest,Thailand,Asia,City,192.04,Spring,4.6,4.14,No,"Beach Volley,Shopping",10,1920.3999999999999,2,1
Grand Canyon,Argentina,South America,Adventure,135.33,Spring,4.1,0.96,Yes,"Skiing,Food Tour",8,1082.64,0,5
Sacred Ruins,Egypt,Africa,Nature,171.29,Autumn,4.6,6.09,No,Sightseeing,12,2055.48,4,0
Serene Pagoda,France,Europe,Religious,207.07,Winter,4.3,5.77,No,Trekking,13,2691.91,5,2
Golden Forest,Brazil,South America,Religious,172.21,Autumn,4.8,7.95,No,"Sightseeing,Trekking",14,2410.94,5,5
Mystic Canyon,Canada,North America,Historical,73.92,Autumn,5.0,9.6,Yes,"Sightseeing,Surfing",10,739.2,3,3
Ancient Temple,Thailand,Asia,Adventure,263.62,Spring,4.8,2.59,No,Sightseeing,8,2108.96,0,1
Crystal Park,Thailand,Asia,Historical,205.15,Spring,5.0,2.26,No,"Shopping,Sightseeing,Skiing",5,1025.75,3,1
Serene Beach,Mexico,North America,Adventure,157.28,Winter,4.3,7.76,Yes,Sightseeing,10,1572.8,0,3
Grand Plaza,Mexico,North America,Historical,72.78,Autumn,4.5,6.83,No,Surfing,10,727.8,3,3
Mystic Beach,Morocco,Africa,Beach,144.42,Winter,4.3,2.05,Yes,Skiing,3,433.26,1,0
Golden Pagoda,Brazil,South America,Historical,124.14,Winter,4.3,4.17,No,Beach Volley,5,620.7,3,5
Crystal Valley,France,Europe,Beach,143.62,Summer,4.3,5.36,No,Food Tour,4,574.48,1,2
Mystic Temple,Thailand,Asia,Historical,31.18,Summer,4.4,8.47,No,"Shopping,Museum,Food Tour",3,93.53999999999999,3,1
Sacred Canyon,Greece,Europe,Nature,150.94,Summer,4.1,1.09,No,"Skiing,Trekking",6,905.64,4,2
Hidden Falls,Vietnam,Asia,Beach,156.33,Winter,4.3,5.88,No,"Surfing,Beach Volley,Museum",10,1563.3000000000002,1,1
Serene Plaza,South Africa,Africa,Religious,157.83,Autumn,4.8,9.62,No,Museum,4,631.32,5,0
Crystal Pagoda,Canada,North America,City,255.18,Summer,4.7,0.93,Yes,Shopping,8,2041.44,2,3
Hidden Valley,Thailand,Asia,Historical,127.27,Summer,4.4,2.11,No,Sightseeing,14,1781.78,3,1
Serene Canyon,Peru,South America,Nature,68.12,Autumn,4.5,3.9,No,"Shopping,Sightseeing",11,749.32,4,5
Crystal Beach,Germany,Europe,Historical,198.89,Autumn,3.9,1.23,No,Museum,3,596.67,3,2
Golden Temple,Morocco,Africa,Nature,94.32,Summer,5.0,5.15,No,Trekking,13,1226.1599999999999,4,0
Hidden Valley,Brazil,South America,Nature,131.93,Autumn,4.5,3.69,No,"Skiing,Shopping",9,1187.3700000000001,4,5
Grand Canyon,New Zealand,Oceania,City,155.52,Autumn,4.7,7.42,No,"Shopping,Skiing,Museum",10,1555.2,2,4
Mystic Pagoda,Argentina,South America,Beach,103.77,Winter,4.0,2.75,Yes,Food Tour,13,1349.01,1,5
Crystal Valley,Morocco,Africa,Historical,181.04,Autumn,4.8,5.7,No,"Surfing,Trekking",14,2534.56,3,0
Hidden Plaza,Vietnam,Asia,Adventure,190.78,Autumn,4.5,1.19,No,Skiing,8,1526.24,0,1
Hidden Plaza,Greece,Europe,City,105.13,Spring,4.1,7.93,No,"Surfing,Museum,Food Tour",14,1471.82,2,2
Golden Beach,Egypt,Africa,Religious,152.26,Spring,4.5,2.63,No,Surfing,5,761.3,5,0
Mystic Beach,Morocco,Africa,Religious,73.64,Winter,4.0,9.79,No,"Shopping,Skiing",10,736.4,5,0
Ancient Valley,China,Asia,City,175.01,Spring,4.3,3.67,No,"Museum,Food Tour",3,525.03,2,1
Grand Falls,USA,North America,City,122.3,Winter,5.0,5.99,No,Shopping,4,489.2,2,3
Hidden Canyon,India,Asia,Adventure,171.74,Winter,4.6,8.73,Yes,"Museum,Surfing,Skiing",12,2060.88,0,1
Grand Plaza,Canada,North America,Beach,157.99,Autumn,4.4,1.83,No,"Skiing,Museum",8,1263.92,1,3
Sacred Park,South Africa,Africa,City,213.98,Summer,3.8,4.33,No,"Shopping,Museum",4,855.92,2,0
Serene Canyon,Morocco,Africa,City,157.86,Summer,4.5,1.78,No,"Skiing,Sightseeing,Shopping",14,2210.04,2,0
Crystal Ruins,USA,North America,Beach,101.72,Autumn,5.0,1.76,No,Trekking,11,1118.92,1,3
Ancient Beach,Spain,Europe,Historical,218.4,Winter,4.1,5.1,No,"Shopping,Sightseeing,Museum",8,1747.2,3,2
Lush Valley,Australia,Oceania,Adventure,58.42,Autumn,4.2,6.14,No,"Sightseeing,Surfing",13,759.46,0,4
Crystal Canyon,Mexico,North America,Religious,90.99,Winter,4.6,4.98,Yes,"Surfing,Sightseeing,Shopping",7,636.93,5,3
Serene Park,Vietnam,Asia,Adventure,254.79,Winter,5.0,2.5,No,"Food Tour,Beach Volley",6,1528.74,0,1
Grand Ruins,Canada,North America,Historical,210.23,Winter,4.3,5.86,No,"Surfing,Beach Volley,Skiing",7,1471.61,3,3
Lush Temple,France,Europe,Historical,193.97,Spring,4.2,5.89,Yes,"Trekking,Shopping,Museum",6,1163.82,3,2
Lush Ruins,Japan,Asia,Nature,182.85,Autumn,4.7,6.3,Yes,Sightseeing,11,2011.35,4,1
Grand Plaza,Peru,South America,Religious,94.42,Autumn,4.5,2.98,No,Beach Volley,11,1038.6200000000001,5,5
Golden Beach,Egypt,Africa,Historical,240.48,Summer,4.1,5.38,Yes,Surfing,10,2404.7999999999997,3,0
Golden Beach,Peru,South America,City,58.0,Autumn,4.5,7.48,No,Food Tour,7,406.0,2,5
Grand Falls,Brazil,South America,Nature,153.21,Autumn,4.4,9.44,No,Surfing,9,1378.89,4,5
Crystal Ruins,Germany,Europe,Nature,144.34,Summer,4.1,1.37,No,"Trekking,Skiing",6,866.04,4,2
Mystic Valley,Australia,Oceania,Adventure,192.63,Spring,5.0,4.37,No,"Trekking,Shopping,Skiing",8,1541.04,0,4
Ancient Falls,Peru,South America,Religious,197.92,Autumn,4.5,2.36,Yes,Shopping,12,2375.04,5,5
Crystal Falls,Italy,Europe,City,196.81,Autumn,4.6,6.17,No,"Sightseeing,Shopping",7,1377.67,2,2
Crystal Forest,Thailand,Asia,Historical,135.13,Spring,4.9,7.62,No,"Beach Volley,Sightseeing,Food Tour",6,810.78,3,1
Lush Ruins,Peru,South America,Adventure,157.22,Winter,4.7,2.22,No,Surfing,4,628.88,0,5
Mystic Beach,New Zealand,Oceania,Religious,108.4,Autumn,4.3,2.85,Yes,"Surfing,Museum,Sightseeing",8,867.2,5,4
Mystic Pagoda,Mexico,North America,City,176.13,Summer,3.9,6.09,No,"Skiing,Beach Volley,Shopping",5,880.65,2,3
Hidden Forest,Thailand,Asia,Beach,246.02,Autumn,4.1,1.27,Yes,"Trekking,Beach Volley,Sightseeing",10,2460.2000000000003,1,1
Mystic Valley,Vietnam,Asia,Adventure,75.54,Autumn,4.5,3.19,Yes,"Skiing,Surfing,Beach Volley",12,906.48,0,1
Mystic Ruins,Japan,Asia,Beach,211.98,Winter,4.4,0.63,No,Food Tour,14,2967.72,1,1
Golden Forest,Australia,Oceania,Historical,216.85,Winter,4.9,8.09,No,"Beach Volley,Food Tour,Skiing",4,867.4,3,4
Serene Pagoda,South Africa,Africa,City,265.18,Autumn,4.1,6.8,No,Beach Volley,13,3447.34,2,0
Ancient Plaza,Kenya,Africa,Beach,173.98,Spring,4.6,9.97,Yes,Food Tour,3,521.9399999999999,1,0
Mystic Beach,Japan,Asia,Nature,101.33,Summer,4.8,8.86,No,"Shopping,Sightseeing,Beach Volley",4,405.32,4,1
Crystal Park,Spain,Europe,Adventure,136.17,Autumn,4.6,2.6,No,Food Tour,5,680.8499999999999,0,2
Lush Falls,Kenya,Africa,Beach,252.49,Spring,4.5,2.77,No,Skiing,11,2777.3900000000003,1,0
Crystal Falls,South Africa,Africa,City,189.59,Winter,4.7,3.47,No,Trekking,5,947.95,2,0
Grand Valley,Italy,Europe,Religious,82.52,Summer,4.4,9.78,No,Museum,13,1072.76,5,2
Grand Valley,China,Asia,Historical,177.99,Winter,4.6,3.38,Yes,"Museum,Food Tour",7,1245.93,3,1
Grand Canyon,France,Europe,City,184.64,Winter,4.7,7.07,No,"Surfing,Skiing,Food Tour",12,2215.68,2,2
Lush Plaza,Morocco,Africa,Religious,145.23,Winter,4.6,1.74,Yes,Food Tour,5,726.15,5,0
Ancient Falls,Argentina,South America,Religious,209.74,Winter,4.8,5.96,No,Beach Volley,14,2936.36,5,5
Grand Pagoda,Australia,Oceania,City,151.11,Autumn,4.1,3.47,No,"Skiing,Museum",5,755.5500000000001,2,4
Grand Falls,Brazil,South America,Nature,244.89,Autumn,4.2,7.58,Yes,Food Tour,8,1959.12,4,5
Ancient Beach,Egypt,Africa,City,124.93,Autumn,4.1,3.06,No,Surfing,13,1624.0900000000001,2,0
Mystic Pagoda,Australia,Oceania,Historical,179.82,Autumn,4.3,9.14,No,"Museum,Surfing,Trekking",4,719.28,3,4
Grand Valley,Australia,Oceania,Religious,217.07,Summer,4.3,9.02,Yes,"Sightseeing,Trekking",7,1519.49,5,4
Crystal Temple,Vietnam,Asia,Historical,133.04,Winter,4.6,9.58,No,"Skiing,Museum,Food Tour",6,798.24,3,1
Sacred Valley,Australia,Oceania,Adventure,74.59,Spring,4.2,1.09,No,Skiing,12,895.08,0,4
Grand Valley,Italy,Europe,Nature,100.5,Summer,4.5,2.86,No,"Trekking,Museum,Food Tour",5,502.5,4,2
Ancient Forest,India,Asia,Religious,199.51,Spring,4.3,8.82,No,"Museum,Food Tour,Sightseeing",10,1995.1,5,1
Mystic Plaza,France,Europe,Beach,189.14,Autumn,4.4,8.64,Yes,Beach Volley,13,2458.8199999999997,1,2
Crystal Falls,Italy,Europe,Beach,121.75,Autumn,4.6,7.06,No,Beach Volley,12,1461.0,1,2
Lush Park,South Africa,Africa,Religious,157.47,Autumn,4.6,3.65,No,"Surfing,Trekking,Beach Volley",11,1732.17,5,0
Ancient Park,Brazil,South America,Historical,261.03,Winter,4.5,5.35,Yes,"Beach Volley,Trekking",12,3132.3599999999997,3,5
Golden Beach,Brazil,South America,Religious,132.0,Summer,4.3,8.12,No,Food Tour,5,660.0,5,5
Lush Pagoda,China,Asia,Beach,143.56,Summer,4.6,6.79,Yes,Surfing,6,861.36,1,1
Hidden Plaza,China,Asia,Religious,186.57,Autumn,4.7,9.48,No,"Museum,Sightseeing,Trekking",13,2425.41,5,1
Serene Valley,Argentina,South America,Beach,190.84,Winter,4.4,1.75,Yes,"Sightseeing,Museum,Trekking",12,2290.08,1,5
Serene Pagoda,France,Europe,Religious,201.47,Winter,4.8,6.94,No,Trekking,13,2619.11,5,2
Sacred Temple,Morocco,Africa,City,177.67,Winter,4.4,2.1,No,"Trekking,Surfing",3,533.01,2,0
Grand Beach,Spain,Europe,Historical,153.66,Autumn,4.5,5.02,Yes,"Museum,Shopping",3,460.98,3,2
Lush Pagoda,Greece,Europe,City,132.46,Winter,4.8,2.1,No,"Shopping,Food Tour",8,1059.68,2,2
Serene Canyon,Vietnam,Asia,Beach,158.93,Autumn,4.9,2.3,No,Sightseeing,5,794.6500000000001,1,1
Ancient Plaza,South Africa,Africa,Adventure,154.56,Summer,5.0,6.24,No,"Shopping,Beach Volley,Skiing",7,1081.92,0,0
Grand Pagoda,Thailand,Asia,Adventure,213.77,Spring,4.5,8.38,Yes,Skiing,4,855.08,0,1
Golden Forest,Australia,Oceania,Nature,120.35,Autumn,4.6,8.47,Yes,"Trekking,Sightseeing",4,481.4,4,4
Crystal Plaza,France,Europe,Adventure,210.91,Spring,4.8,3.95,No,Food Tour,12,2530.92,0,2
Hidden Pagoda,Vietnam,Asia,Beach,168.07,Autumn,4.7,1.57,No,Food Tour,5,840.3499999999999,1,1
Serene Pagoda,Thailand,Asia,Beach,196.66,Winter,4.4,0.95,Yes,Trekking,12,2359.92,1,1
Hidden Park,Japan,Asia,Adventure,153.64,Winter,4.6,6.5,No,Surfing,11,1690.04,0,1
Grand Plaza,Kenya,Africa,Adventure,104.18,Winter,4.2,9.45,No,Trekking,11,1145.98,0,0
Mystic Park,Kenya,Africa,Religious,199.83,Spring,4.3,4.23,No,Food Tour,11,2198.13,5,0
Mystic Ruins,Canada,North America,Historical,171.2,Summer,4.5,4.01,No,Food Tour,14,2396.7999999999997,3,3
Grand Pagoda,Canada,North America,City,81.59,Autumn,4.1,5.45,Yes,"Beach Volley,Museum,Surfing",6,489.54,2,3
Golden Falls,Argentina,South America,City,200.63,Winter,4.5,5.3,No,"Skiing,Museum,Food Tour",13,2608.19,2,5
Sacred Beach,Brazil,South America,Historical,93.11,Winter,4.5,9.84,Yes,"Surfing,Sightseeing",8,744.88,3,5
Serene Valley,Spain,Europe,Historical,140.93,Autumn,4.5,6.8,Yes,Sightseeing,8,1127.44,3,2
Hidden Falls,New Zealand,Oceania,City,72.33,Autumn,5.0,4.51,Yes,"Beach Volley,Surfing,Food Tour",10,723.3,2,4
Sacred Park,Italy,Europe,Nature,118.9,Spring,4.7,8.29,No,"Museum,Trekking",3,356.70000000000005,4,2
Lush Pagoda,Kenya,Africa,Beach,100.23,Summer,5.0,4.85,No,"Trekking,Shopping,Skiing",4,400.92,1,0
Golden Forest,Greece,Europe,Beach,192.9,Summer,4.3,5.37,No,"Sightseeing,Food Tour",3,578.7,1,2
Hidden Ruins,Greece,Europe,City,194.83,Summer,4.0,9.96,No,Skiing,5,974.1500000000001,2,2
Lush Valley,Argentina,South America,Religious,189.66,Autumn,4.5,3.78,No,"Surfing,Museum",14,2655.24,5,5
Mystic Valley,Germany,Europe,Religious,79.54,Spring,4.4,0.5,No,Museum,6,477.24,5,2
Golden Temple,Canada,North America,Adventure,114.27,Autumn,4.7,1.64,No,Sightseeing,7,799.89,0,3
Ancient Canyon,Vietnam,Asia,Historical,157.47,Spring,4.4,9.32,No,"Food Tour,Trekking,Museum",12,1889.6399999999999,3,1
Serene Ruins,Japan,Asia,Religious,100.24,Autumn,4.4,5.37,No,Food Tour,11,1102.6399999999999,5,1
Grand Plaza,Australia,Oceania,Adventure,88.33,Winter,4.1,6.4,Yes,"Sightseeing,Museum",14,1236.62,0,4
Lush Ruins,Thailand,Asia,Adventure,120.7,Spring,4.6,0.84,No,"Trekking,Sightseeing,Skiing",3,362.1,0,1
Hidden Plaza,France,Europe,Religious,144.68,Summer,4.4,8.12,Yes,"Shopping,Sightseeing,Skiing",14,2025.52,5,2
Golden Ruins,USA,North America,Adventure,115.39,Summer,3.9,6.92,No,"Sightseeing,Shopping",12,1384.68,0,3
Sacred Canyon,South Africa,Africa,Beach,206.92,Spring,4.5,8.73,No,Food Tour,14,2896.8799999999997,1,0
Sacred Park,Peru,South America,Historical,163.87,Summer,4.5,5.09,No,"Museum,Sightseeing,Food Tour",13,2130.31,3,5
Serene Forest,Germany,Europe,Religious,162.41,Autumn,4.0,9.93,No,"Skiing,Trekking,Shopping",14,2273.74,5,2
Grand Temple,Egypt,Africa,Nature,101.23,Autumn,4.9,0.57,No,"Trekking,Shopping",6,607.38,4,0
Grand Ruins,Argentina,South America,Beach,78.94,Summer,4.3,8.28,No,Museum,13,1026.22,1,5
Sacred Forest,Australia,Oceania,Nature,200.09,Spring,4.4,0.51,Yes,"Food Tour,Shopping,Skiing",8,1600.72,4,4
Mystic Beach,Argentina,South America,Nature,96.81,Spring,4.3,2.72,No,"Museum,Food Tour",10,968.1,4,5
Crystal Plaza,France,Europe,Nature,61.45,Spring,4.6,4.47,Yes,"Museum,Surfing,Food Tour",9,553.0500000000001,4,2
Crystal Forest,Australia,Oceania,Beach,196.0,Summer,4.4,9.1,No,"Shopping,Surfing,Skiing",3,588.0,1,4
Ancient Pagoda,Japan,Asia,Beach,46.22,Summer,4.5,1.51,No,"Sightseeing,Shopping,Museum",5,231.1,1,1
Serene Park,Argentina,South America,Nature,97.18,Summer,4.2,3.54,No,"Skiing,Surfing",9,874.6200000000001,4,5
Crystal Park,South Africa,Africa,Religious,173.22,Winter,4.3,1.66,No,"Surfing,Food Tour,Museum",10,1732.2,5,0
Serene Valley,Kenya,Africa,City,105.44,Autumn,4.6,1.17,No,"Museum,Food Tour,Beach Volley",4,421.76,2,0
Hidden Pagoda,Peru,South America,Nature,159.05,Winter,4.9,1.24,No,Skiing,5,795.25,4,5
Ancient Valley,Greece,Europe,City,139.85,Autumn,4.6,8.61,No,Trekking,3,419.54999999999995,2,2
Lush Valley,Italy,Europe,Adventure,150.39,Winter,4.4,7.81,No,"Skiing,Surfing,Shopping",5,751.9499999999999,0,2
Sacred Plaza,Japan,Asia,Religious,118.04,Autumn,4.2,3.25,No,Surfing,6,708.24,5,1
Lush Pagoda,Brazil,South America,Nature,80.57,Autumn,4.0,5.67,No,Surfing,7,563.99,4,5
Lush Pagoda,Thailand,Asia,City,174.41,Winter,4.2,2.09,No,Surfing,3,523.23,2,1
Lush Pagoda,Germany,Europe,Religious,151.74,Summer,3.9,8.07,No,Food Tour,10,1517.4,5,2
Hidden Valley,Italy,Europe,Religious,189.52,Winter,4.9,1.98,No,"Sightseeing,Trekking",13,2463.76,5,2
Crystal Beach,Egypt,Africa,Adventure,107.18,Summer,4.5,4.08,Yes,"Food Tour,Skiing,Trekking",7,750.26,0,0
Hidden Canyon,Australia,Oceania,City,124.82,Summer,4.5,3.1,No,"Food Tour,Skiing",13,1622.6599999999999,2,4
Mystic Park,Argentina,South America,Adventure,130.86,Summer,4.5,2.2,No,"Shopping,Surfing",4,523.44,0,5
Serene Ruins,Thailand,Asia,Beach,177.87,Spring,4.5,1.84,No,"Surfing,Museum,Shopping",6,1067.22,1,1
Ancient Beach,Vietnam,Asia,Beach,130.01,Summer,4.6,9.82,No,Surfing,4,520.04,1,1
Hidden Plaza,Thailand,Asia,Adventure,215.74,Spring,4.3,3.75,No,"Food Tour,Surfing,Skiing",5,1078.7,0,1
Sacred Pagoda,Vietnam,Asia,Religious,91.19,Winter,4.6,1.89,No,"Skiing,Food Tour",14,1276.6599999999999,5,1
Hidden Valley,India,Asia,Religious,163.95,Autumn,4.8,8.18,Yes,"Trekking,Shopping",14,2295.2999999999997,5,1
Grand Falls,Egypt,Africa,Religious,139.87,Autumn,4.3,3.48,No,"Shopping,Museum,Sightseeing",4,559.48,5,0
Ancient Ruins,New Zealand,Oceania,Beach,79.9,Autumn,4.9,1.91,No,Trekking,3,239.70000000000002,1,4
Ancient Forest,France,Europe,Nature,211.88,Spring,4.6,4.13,No,Beach Volley,9,1906.92,4,2
Sacred Temple,Spain,Europe,City,136.09,Summer,4.4,2.76,No,"Museum,Surfing",13,1769.17,2,2
Sacred Ruins,Vietnam,Asia,Nature,198.94,Summer,4.1,6.21,Yes,"Sightseeing,Shopping,Skiing",10,1989.4,4,1
Lush Valley,France,Europe,Historical,100.74,Winter,4.9,8.33,Yes,"Beach Volley,Museum",4,402.96,3,2
Golden Pagoda,New Zealand,Oceania,Nature,142.5,Spring,4.1,8.11,No,"Skiing,Trekking",7,997.5,4,4
Golden Forest,France,Europe,Historical,133.6,Autumn,4.7,7.0,Yes,Sightseeing,5,668.0,3,2
Ancient Forest,Peru,South America,Adventure,131.72,Spring,4.5,6.29,Yes,"Sightseeing,Trekking,Skiing",7,922.04,0,5
Ancient Ruins,USA,North America,Historical,119.79,Winter,4.1,1.27,Yes,"Surfing,Shopping,Sightseeing",11,1317.69,3,3
Hidden Ruins,Argentina,South America,Adventure,127.4,Winter,4.3,1.35,Yes,"Surfing,Food Tour",7,891.8000000000001,0,5
Ancient Falls,France,Europe,Religious,96.94,Summer,4.5,3.42,Yes,Shopping,3,290.82,5,2
Ancient Beach,Germany,Europe,Adventure,165.98,Spring,5.0,8.9,Yes,"Skiing,Surfing",11,1825.78,0,2
Sacred Plaza,Canada,North America,City,227.26,Winter,5.0,2.36,No,"Trekking,Sightseeing",5,1136.3,2,3
Sacred Plaza,Greece,Europe,Historical,95.13,Summer,4.1,7.72,No,"Trekking,Museum,Food Tour",5,475.65,3,2
Serene Beach,Spain,Europe,Adventure,169.06,Summer,4.5,7.51,No,Food Tour,7,1183.42,0,2
Sacred Ruins,Brazil,South America,Nature,197.5,Summer,4.6,0.97,Yes,"Beach Volley,Food Tour,Trekking",14,2765.0,4,5
Sacred Temple,Argentina,South America,Nature,137.98,Autumn,4.0,2.66,No,"Beach Volley,Sightseeing,Surfing",9,1241.82,4,5
Sacred Plaza,Germany,Europe,Historical,165.09,Winter,4.6,4.53,No,"Sightseeing,Trekking",7,1155.63,3,2
Lush Park,New Zealand,Oceania,Adventure,164.87,Summer,4.5,4.73,Yes,Beach Volley,11,1813.5700000000002,0,4
Lush Canyon,Argentina,South America,Religious,40.19,Winter,4.5,9.14,Yes,"Shopping,Trekking,Beach Volley",11,442.09,5,5
Serene Park,Egypt,Africa,Historical,225.67,Autumn,4.6,8.21,No,"Sightseeing,Beach Volley",4,902.68,3,0
Sacred Park,Australia,Oceania,Historical,110.0,Summer,3.9,8.56,Yes,Skiing,13,1430.0,3,4
Ancient Ruins,Spain,Europe,Historical,209.68,Summer,4.3,9.44,No,"Beach Volley,Skiing,Museum",5,1048.4,3,2
Sacred Falls,New Zealand,Oceania,Historical,219.67,Autumn,4.7,8.15,Yes,"Skiing,Shopping",10,2196.7,3,4
Lush Canyon,Kenya,Africa,Historical,133.37,Spring,4.8,0.99,No,Shopping,5,666.85,3,0
Lush Park,Mexico,North America,Religious,233.45,Spring,4.2,4.78,No,"Skiing,Trekking,Beach Volley",3,700.3499999999999,5,3
Golden Park,Peru,South America,Beach,112.9,Winter,4.9,6.53,No,"Shopping,Sightseeing",11,1241.9,1,5
Grand Forest,Vietnam,Asia,Beach,179.3,Summer,4.3,5.68,No,Shopping,11,1972.3000000000002,1,1
Ancient Forest,Vietnam,Asia,Adventure,117.28,Summer,4.2,7.61,No,"Skiing,Shopping,Trekking",6,703.6800000000001,0,1
Hidden Plaza,France,Europe,Religious,75.05,Autumn,4.5,9.69,No,Beach Volley,8,600.4,5,2
Golden Valley,Egypt,Africa,Historical,105.79,Autumn,3.7,9.03,Yes,"Surfing,Trekking",8,846.32,3,0
Serene Beach,India,Asia,Historical,242.78,Winter,4.6,2.9,No,"Shopping,Museum",8,1942.24,3,1
Crystal Temple,Brazil,South America,Religious,98.2,Spring,4.5,2.46,Yes,"Sightseeing,Museum,Shopping",13,1276.6000000000001,5,5
Lush Park,Mexico,North America,Adventure,198.02,Spring,4.6,5.73,Yes,"Shopping,Skiing",4,792.08,0,3
Grand Valley,Canada,North America,Beach,173.7,Winter,4.3,6.2,No,Trekking,6,1042.1999999999998,1,3
Serene Park,Brazil,South America,Nature,194.38,Autumn,4.7,9.77,Yes,"Sightseeing,Surfing,Trekking",14,2721.3199999999997,4,5
Mystic Valley,Kenya,Africa,Religious,56.98,Winter,4.8,6.66,Yes,"Surfing,Shopping,Museum",8,455.84,5,0
Crystal Temple,Germany,Europe,Historical,132.53,Winter,4.3,8.25,No,"Trekking,Food Tour",6,795.1800000000001,3,2
Lush Beach,Kenya,Africa,Beach,67.72,Spring,5.0,5.0,No,"Food Tour,Sightseeing",3,203.16,1,0
Hidden Plaza,Thailand,Asia,Religious,129.39,Summer,4.8,8.76,No,"Shopping,Surfing",9,1164.5099999999998,5,1
Lush Pagoda,Thailand,Asia,Historical,154.85,Summer,4.5,8.55,No,Food Tour,13,2013.05,3,1
Serene Beach,Japan,Asia,Nature,136.0,Summer,4.1,2.07,No,"Surfing,Museum,Beach Volley",7,952.0,4,1
Grand Temple,Brazil,South America,Adventure,165.72,Autumn,5.0,6.54,No,"Food Tour,Skiing,Shopping",8,1325.76,0,5
Serene Plaza,Peru,South America,Beach,120.97,Summer,4.3,0.89,No,"Trekking,Surfing,Sightseeing",3,362.90999999999997,1,5
Crystal Valley,Spain,Europe,City,181.51,Winter,3.9,8.65,Yes,Sightseeing,13,2359.63,2,2
Grand Beach,Morocco,Africa,Religious,113.42,Summer,5.0,9.55,Yes,"Food Tour,Skiing",13,1474.46,5,0
Serene Valley,South Africa,Africa,Religious,166.66,Spring,4.6,5.51,No,"Sightseeing,Surfing",12,1999.92,5,0
Hidden Forest,Vietnam,Asia,City,119.59,Spring,4.6,3.38,No,"Beach Volley,Trekking",11,1315.49,2,1
Lush Park,Mexico,North America,Beach,274.25,Autumn,4.9,6.21,No,"Beach Volley,Skiing",12,3291.0,1,3
Grand Falls,Greece,Europe,Beach,130.14,Summer,4.2,6.36,No,"Surfing,Skiing",6,780.8399999999999,1,2
Lush Beach,Spain,Europe,City,153.85,Summer,4.5,6.12,No,"Skiing,Museum,Trekking",4,615.4,2,2
Golden Forest,Argentina,South America,Nature,178.41,Autumn,4.2,6.42,Yes,"Skiing,Food Tour,Surfing",7,1248.87,4,5
Grand Temple,Italy,Europe,Historical,137.53,Autumn,5.0,5.52,No,"Shopping,Beach Volley,Museum",9,1237.77,3,2
Lush Plaza,Egypt,Africa,Religious,162.14,Summer,3.9,2.38,No,"Skiing,Beach Volley",6,972.8399999999999,5,0
Golden Pagoda,Egypt,Africa,Nature,123.9,Summer,4.7,1.31,No,"Beach Volley,Skiing,Surfing",4,495.6,4,0
Golden Park,Australia,Oceania,Historical,246.17,Winter,4.3,4.66,Yes,Trekking,13,3200.21,3,4
Mystic Forest,Spain,Europe,Nature,172.18,Winter,4.0,3.8,No,Museum,3,516.54,4,2
Lush Ruins,Brazil,South America,Historical,46.75,Autumn,4.5,7.5,No,Surfing,11,514.25,3,5
Crystal Park,Mexico,North America,City,148.51,Summer,4.3,3.7,Yes,"Surfing,Shopping",3,445.53,2,3
Sacred Ruins,Thailand,Asia,Nature,232.17,Spring,4.6,5.11,No,"Trekking,Sightseeing",6,1393.02,4,1
Crystal Falls,Germany,Europe,Adventure,269.54,Spring,4.6,2.75,No,Shopping,4,1078.16,0,2
Sacred Forest,France,Europe,Nature,30.0,Winter,4.3,1.21,Yes,"Skiing,Trekking,Shopping",4,120.0,4,2
Serene Temple,Italy,Europe,Adventure,114.25,Spring,4.3,5.3,Yes,"Shopping,Skiing,Food Tour",10,1142.5,0,2
Lush Park,Spain,Europe,Historical,100.75,Winter,4.6,0.85,No,"Museum,Food Tour,Sightseeing",13,1309.75,3,2
Grand Falls,Peru,South America,Nature,208.88,Spring,4.4,2.99,No,Food Tour,9,1879.92,4,5
Golden Pagoda,USA,North America,Beach,124.12,Autumn,4.5,4.77,No,"Skiing,Trekking",11,1365.3200000000002,1,3
Lush Park,Mexico,North America,Beach,234.23,Winter,5.0,3.66,No,"Museum,Food Tour,Shopping",8,1873.84,1,3
Hidden Plaza,Canada,North America,City,116.07,Autumn,4.4,3.98,No,"Trekking,Shopping",6,696.42,2,3
Golden Falls,Canada,North America,Adventure,160.87,Winter,4.4,9.68,No,Beach Volley,10,1608.7,0,3
Ancient Ruins,France,Europe,Beach,229.93,Spring,4.7,3.21,Yes,"Sightseeing,Beach Volley,Surfing",5,1149.65,1,2
Hidden Beach,Argentina,South America,Adventure,113.57,Winter,5.0,5.08,No,"Skiing,Sightseeing",10,1135.6999999999998,0,5
Serene Canyon,France,Europe,City,109.53,Winter,4.8,3.52,Yes,Shopping,9,985.77,2,2
Golden Ruins,USA,North America,Historical,193.68,Winter,4.5,6.3,Yes,Beach Volley,10,1936.8000000000002,3,3
Mystic Plaza,Brazil,South America,Beach,69.21,Summer,4.6,3.76,No,Trekking,3,207.63,1,5
Crystal Pagoda,Morocco,Africa,Beach,159.63,Spring,4.8,5.39,No,"Beach Volley,Museum,Surfing",5,798.15,1,0
Sacred Park,Mexico,North America,Historical,144.78,Spring,4.6,6.23,No,Trekking,14,2026.92,3,3
Mystic Temple,Thailand,Asia,Religious,161.77,Summer,4.3,9.36,Yes,Sightseeing,10,1617.7,5,1
Hidden Park,Canada,North America,Nature,99.02,Autumn,4.6,6.03,No,"Beach Volley,Museum",14,1386.28,4,3
Serene Forest,Thailand,Asia,Religious,124.94,Winter,4.9,8.86,No,"Shopping,Trekking",6,749.64,5,1
Crystal Ruins,Argentina,South America,City,187.5,Spring,4.6,6.42,Yes,"Museum,Surfing",10,1875.0,2,5
Ancient Pagoda,Australia,Oceania,Nature,130.19,Autumn,4.3,2.42,Yes,"Museum,Trekking",4,520.76,4,4
Grand Forest,Kenya,Africa,Nature,159.47,Summer,4.6,6.93,Yes,"Surfing,Trekking",5,797.35,4,0
Hidden Forest,Japan,Asia,Adventure,104.29,Autumn,4.3,7.69,Yes,"Surfing,Shopping,Trekking",7,730.0300000000001,0,1
Grand Park,Vietnam,Asia,Religious,73.12,Autumn,4.5,6.36,No,Trekking,6,438.72,5,1
Serene Pagoda,Morocco,Africa,Beach,145.35,Winter,4.4,4.95,Yes,"Shopping,Beach Volley,Food Tour",4,581.4,1,0
Grand Park,Mexico,North America,Adventure,130.58,Winter,4.4,2.43,No,"Skiing,Trekking",7,914.0600000000001,0,3
Mystic Valley,USA,North America,Historical,129.63,Spring,4.9,5.87,No,"Skiing,Museum,Food Tour",8,1037.04,3,3
Golden Pagoda,Argentina,South America,Adventure,215.56,Spring,4.4,8.91,Yes,"Beach Volley,Food Tour",8,1724.48,0,5
Lush Plaza,Australia,Oceania,Nature,153.99,Spring,4.2,9.18,No,Surfing,14,2155.86,4,4
Grand Beach,Thailand,Asia,Historical,206.98,Autumn,4.4,1.77,No,Food Tour,4,827.92,3,1
Ancient Falls,USA,North America,Adventure,158.35,Winter,4.6,3.95,Yes,"Skiing,Sightseeing",4,633.4,0,3
Serene Valley,Spain,Europe,Historical,144.33,Summer,4.6,3.66,No,"Museum,Skiing",12,1731.96,3,2
Serene Falls,Greece,Europe,Beach,200.88,Spring,4.7,9.33,Yes,"Surfing,Sightseeing,Shopping",11,2209.68,1,2
Crystal Temple,Canada,North America,Religious,179.77,Spring,4.3,7.52,Yes,"Food Tour,Sightseeing,Beach Volley",11,1977.47,5,3
Crystal Canyon,Egypt,Africa,City,141.92,Spring,4.3,3.19,Yes,"Shopping,Skiing",9,1277.28,2,0
Golden Pagoda,Japan,Asia,Adventure,217.55,Autumn,4.8,9.78,No,"Trekking,Museum,Sightseeing",12,2610.6000000000004,0,1
Serene Temple,Morocco,Africa,Nature,210.61,Winter,4.4,4.63,No,Beach Volley,11,2316.71,4,0
Sacred Pagoda,Canada,North America,Adventure,139.98,Winter,4.6,9.5,No,"Food Tour,Surfing",14,1959.7199999999998,0,3
Serene Plaza,India,Asia,Historical,116.19,Summer,4.2,7.68,No,"Food Tour,Shopping,Surfing",11,1278.09,3,1
Sacred Beach,Thailand,Asia,City,227.94,Autumn,4.0,4.72,No,Shopping,4,911.76,2,1
Golden Pagoda,Japan,Asia,City,107.97,Winter,4.7,1.06,No,Trekking,11,1187.67,2,1
Grand Plaza,Kenya,Africa,Historical,137.87,Spring,3.9,2.1,Yes,"Museum,Shopping,Beach Volley",3,413.61,3,0
Golden Ruins,New Zealand,Oceania,Historical,92.09,Spring,4.0,1.05,No,"Trekking,Skiing",11,1012.99,3,4
Serene Plaza,Germany,Europe,Historical,197.89,Autumn,4.6,1.94,No,Beach Volley,8,1583.12,3,2
Ancient Falls,Spain,Europe,Nature,234.22,Autumn,4.8,4.48,Yes,Museum,7,1639.54,4,2
Ancient Forest,South Africa,Africa,Adventure,113.24,Spring,5.0,5.29,Yes,"Surfing,Food Tour,Skiing",3,339.71999999999997,0,0
Serene Valley,USA,North America,Beach,135.91,Autumn,4.5,4.0,Yes,"Museum,Shopping,Trekking",6,815.46,1,3
Sacred Valley,China,Asia,Historical,147.2,Winter,4.6,5.27,Yes,Shopping,13,1913.6,3,1
Mystic Falls,India,Asia,Beach,162.81,Spring,4.6,6.03,No,"Food Tour,Beach Volley,Trekking",3,488.43,1,1
Mystic Forest,Thailand,Asia,Adventure,169.07,Winter,4.6,4.84,No,Surfing,11,1859.77,0,1
Serene Ruins,Thailand,Asia,Adventure,32.13,Summer,4.3,9.68,No,"Museum,Beach Volley,Food Tour",10,321.3,0,1
Lush Ruins,Canada,North America,Historical,124.26,Autumn,4.6,8.7,No,Beach Volley,13,1615.38,3,3
Sacred Pagoda,Egypt,Africa,Nature,111.71,Spring,4.5,5.72,No,"Food Tour,Shopping,Sightseeing",4,446.84,4,0
Lush Valley,Brazil,South America,City,199.51,Summer,4.4,2.44,No,"Skiing,Shopping",9,1795.59,2,5
Lush Pagoda,China,Asia,Nature,161.15,Winter,4.9,1.02,No,Museum,9,1450.3500000000001,4,1
Crystal Pagoda,India,Asia,Nature,150.64,Summer,4.6,3.26,No,"Skiing,Surfing,Beach Volley",3,451.91999999999996,4,1
Mystic Plaza,Japan,Asia,Religious,207.31,Spring,4.5,3.4,No,"Skiing,Sightseeing",3,621.9300000000001,5,1
Mystic Park,Mexico,North America,City,135.13,Autumn,4.4,3.33,No,Surfing,9,1216.17,2,3
Mystic Canyon,Greece,Europe,Adventure,142.36,Summer,5.0,2.66,Yes,Skiing,3,427.08000000000004,0,2
Ancient Temple,Morocco,Africa,Nature,125.79,Spring,4.2,9.43,No,"Shopping,Food Tour",5,628.95,4,0
Ancient Valley,Vietnam,Asia,Adventure,83.54,Summer,4.5,8.97,No,Sightseeing,8,668.32,0,1
Crystal Temple,Australia,Oceania,Historical,240.67,Autumn,4.4,9.85,No,Surfing,7,1684.6899999999998,3,4
Lush Plaza,Australia,Oceania,Beach,101.39,Autumn,4.8,2.25,Yes,Skiing,6,608.34,1,4
Grand Beach,Peru,South America,Religious,126.06,Autumn,4.6,4.94,No,"Trekking,Shopping",3,378.18,5,5
Mystic Falls,France,Europe,Historical,84.56,Summer,5.0,0.76,No,"Food Tour,Shopping,Trekking",9,761.04,3,2
Ancient Valley,Kenya,Africa,Religious,169.79,Autumn,4.6,4.61,No,"Shopping,Surfing,Trekking",7,1188.53,5,0
Lush Ruins,New Zealand,Oceania,Religious,64.59,Winter,5.0,4.2,No,"Beach Volley,Museum,Surfing",12,775.08,5,4
Golden Park,Vietnam,Asia,Historical,204.87,Winter,4.0,9.31,Yes,"Sightseeing,Food Tour,Surfing",6,1229.22,3,1
Grand Ruins,Greece,Europe,City,150.54,Spring,4.7,4.8,Yes,"Museum,Skiing,Food Tour",13,1957.02,2,2
Mystic Pagoda,Spain,Europe,Religious,162.18,Summer,4.2,3.18,No,"Food Tour,Beach Volley,Skiing",9,1459.6200000000001,5,2
Sacred Temple,Japan,Asia,City,116.21,Winter,4.0,9.99,No,Museum,5,581.05,2,1
Sacred Valley,India,Asia,Religious,155.53,Summer,4.3,1.28,No,Museum,11,1710.83,5,1
Golden Beach,China,Asia,Religious,139.74,Spring,4.1,5.35,No,Shopping,13,1816.6200000000001,5,1
Serene Temple,China,Asia,City,107.16,Winter,4.2,1.33,No,Trekking,3,321.48,2,1
Golden Falls,Spain,Europe,Beach,142.02,Autumn,4.6,5.92,Yes,"Skiing,Sightseeing,Beach Volley",5,710.1,1,2
Ancient Ruins,Canada,North America,Religious,152.27,Summer,4.7,0.63,Yes,"Surfing,Skiing",7,1065.89,5,3
Hidden Falls,USA,North America,Beach,133.04,Autumn,4.0,7.08,No,Surfing,10,1330.3999999999999,1,3
Sacred Plaza,New Zealand,Oceania,Religious,166.22,Winter,4.0,5.57,No,"Museum,Sightseeing,Beach Volley",3,498.65999999999997,5,4
Hidden Falls,Thailand,Asia,Beach,91.2,Winter,4.4,9.79,Yes,"Surfing,Shopping,Food Tour",14,1276.8,1,1
Golden Plaza,USA,North America,Beach,149.72,Autumn,4.9,6.23,No,"Sightseeing,Museum,Trekking",12,1796.6399999999999,1,3
Crystal Park,Canada,North America,Adventure,162.21,Winter,4.0,7.1,Yes,"Skiing,Sightseeing,Beach Volley",11,1784.3100000000002,0,3
Grand Canyon,Japan,Asia,Beach,163.83,Summer,4.5,6.31,No,"Museum,Food Tour,Shopping",13,2129.79,1,1
Mystic Canyon,Egypt,Africa,Adventure,214.33,Summer,4.3,2.12,No,"Skiing,Museum",6,1285.98,0,0
Grand Ruins,Greece,Europe,Nature,71.85,Spring,4.1,4.6,No,"Shopping,Surfing",5,359.25,4,2
Lush Valley,Peru,South America,City,145.76,Spring,5.0,8.04,No,Food Tour,3,437.28,2,5
Serene Forest,Peru,South America,Beach,57.91,Autumn,4.8,8.19,No,"Trekking,Museum",12,694.92,1,5
Ancient Canyon,South Africa,Africa,Religious,112.02,Summer,4.3,5.29,Yes,"Shopping,Beach Volley",14,1568.28,5,0
Ancient Beach,Mexico,North America,Religious,158.21,Autumn,5.0,4.73,No,"Trekking,Surfing,Sightseeing",6,949.26,5,3
Mystic Plaza,Germany,Europe,Historical,153.59,Autumn,4.6,8.7,Yes,"Museum,Trekking",3,460.77,3,2
Lush Falls,Canada,North America,Religious,160.48,Summer,4.2,8.75,Yes,"Sightseeing,Surfing",4,641.92,5,3
Golden Forest,Germany,Europe,Historical,231.58,Spring,4.7,4.03,No,"Food Tour,Beach Volley",9,2084.2200000000003,3,2
Serene Falls,Thailand,Asia,Religious,145.41,Spring,4.2,4.25,No,"Sightseeing,Beach Volley,Surfing",7,1017.87,5,1
Serene Temple,Peru,South America,City,130.95,Winter,4.7,9.68,No,Surfing,14,1833.2999999999997,2,5
Golden Valley,Egypt,Africa,Adventure,187.98,Spring,4.4,9.68,Yes,Beach Volley,10,1879.8,0,0
Mystic Temple,Vietnam,Asia,Beach,55.62,Winter,4.3,5.5,Yes,"Surfing,Skiing,Food Tour",14,778.68,1,1
Serene Temple,Germany,Europe,Beach,93.94,Winter,4.8,7.5,No,Food Tour,6,563.64,1,2
Crystal Ruins,Australia,Oceania,Beach,71.33,Autumn,4.1,3.5,No,"Food Tour,Surfing",7,499.31,1,4
Serene Canyon,Canada,North America,City,48.91,Autumn,4.5,2.33,Yes,Shopping,12,586.92,2,3
Serene Canyon,Argentina,South America,Nature,83.95,Autumn,3.9,5.98,No,"Skiing,Surfing",10,839.5,4,5
Mystic Pagoda,Vietnam,Asia,Beach,207.97,Spring,4.8,6.27,No,"Beach Volley,Trekking",4,831.88,1,1
Lush Beach,India,Asia,Adventure,163.11,Autumn,4.3,1.11,No,Skiing,3,489.33000000000004,0,1
Crystal Park,China,Asia,Adventure,225.46,Summer,4.7,2.5,No,Food Tour,3,676.38,0,1
Lush Canyon,New Zealand,Oceania,City,143.05,Winter,4.9,2.57,Yes,Food Tour,5,715.25,2,4
Lush Valley,India,Asia,Historical,210.33,Autumn,4.0,5.68,No,Skiing,11,2313.63,3,1
Serene Beach,Peru,South America,City,130.89,Autumn,4.3,2.77,Yes,Skiing,9,1178.0099999999998,2,5
Grand Plaza,France,Europe,Nature,128.82,Spring,4.1,7.19,No,Beach Volley,3,386.46,4,2
Ancient Plaza,Japan,Asia,Adventure,120.74,Autumn,4.1,4.21,No,"Beach Volley,Sightseeing",4,482.96,0,1
Mystic Temple,Italy,Europe,Beach,118.5,Autumn,4.7,1.15,No,Surfing,9,1066.5,1,2
Lush Falls,Thailand,Asia,Historical,93.14,Spring,4.2,5.31,No,"Shopping,Museum",5,465.7,3,1
Serene Temple,Italy,Europe,Religious,174.74,Autumn,4.6,8.53,No,"Sightseeing,Food Tour",7,1223.18,5,2
Golden Ruins,Vietnam,Asia,Beach,219.73,Spring,4.2,3.47,No,Sightseeing,12,2636.7599999999998,1,1
Mystic Canyon,Brazil,South America,Nature,157.72,Autumn,4.4,0.59,No,"Food Tour,Beach Volley,Sightseeing",8,1261.76,4,5
Ancient Plaza,Mexico,North America,Nature,63.94,Winter,4.2,7.09,Yes,Trekking,7,447.58,4,3
Serene Plaza,China,Asia,Religious,111.87,Summer,4.8,8.21,No,"Shopping,Trekking",3,335.61,5,1
Sacred Forest,USA,North America,Adventure,126.72,Spring,4.0,7.41,No,Museum,5,633.6,0,3
Ancient Valley,Kenya,Africa,Adventure,184.07,Spring,4.2,6.29,No,Surfing,7,1288.49,0,0
Crystal Temple,Morocco,Africa,Nature,171.11,Spring,5.0,3.11,No,"Skiing,Shopping",3,513.33,4,0
Mystic Pagoda,China,Asia,Religious,46.83,Spring,4.4,6.0,Yes,"Museum,Surfing,Beach Volley",13,608.79,5,1
Grand Forest,France,Europe,Beach,158.51,Summer,4.8,6.5,No,Museum,5,792.55,1,2
Mystic Ruins,Thailand,Asia,Religious,117.31,Spring,4.5,2.71,No,"Surfing,Museum",7,821.1700000000001,5,1
Mystic Forest,Japan,Asia,City,51.7,Winter,4.5,2.23,Yes,"Trekking,Food Tour,Surfing",8,413.6,2,1
Golden Ruins,Greece,Europe,Adventure,48.19,Winter,4.5,2.95,Yes,"Sightseeing,Surfing",11,530.0899999999999,0,2
Ancient Ruins,Canada,North America,Historical,95.02,Autumn,4.5,9.31,No,"Food Tour,Sightseeing,Trekking",5,475.09999999999997,3,3
Crystal Valley,Spain,Europe,Historical,170.21,Summer,4.7,1.51,No,Skiing,8,1361.68,3,2
Ancient Beach,Peru,South America,Beach,182.47,Winter,4.7,7.79,No,Museum,10,1824.7,1,5
Golden Valley,Italy,Europe,Historical,165.37,Summer,4.3,8.43,No,"Beach Volley,Food Tour",7,1157.5900000000001,3,2
Sacred Canyon,Canada,North America,Nature,242.95,Summer,4.8,4.85,No,"Shopping,Trekking",6,1457.6999999999998,4,3
Hidden Falls,Vietnam,Asia,Adventure,123.72,Spring,4.5,6.57,No,"Skiing,Food Tour",3,371.15999999999997,0,1
Hidden Plaza,Kenya,Africa,Historical,143.75,Spring,4.3,3.28,No,"Shopping,Beach Volley",8,1150.0,3,0
Hidden Valley,China,Asia,Nature,95.39,Summer,4.5,7.07,No,"Sightseeing,Shopping",3,286.17,4,1
Mystic Beach,France,Europe,Adventure,124.98,Autumn,4.6,1.49,No,"Trekking,Museum,Sightseeing",14,1749.72,0,2
Serene Falls,Egypt,Africa,Beach,31.42,Spring,5.0,1.51,No,"Beach Volley,Museum",10,314.20000000000005,1,0
Serene Beach,India,Asia,Nature,194.44,Autumn,4.6,8.37,No,Museum,8,1555.52,4,1
Golden Falls,Morocco,Africa,Historical,116.66,Summer,4.6,1.57,No,"Trekking,Beach Volley,Sightseeing",12,1399.92,3,0
Grand Park,Kenya,Africa,Adventure,129.69,Winter,4.3,4.16,No,"Sightseeing,Surfing,Trekking",7,907.8299999999999,0,0
Lush Valley,Spain,Europe,Historical,157.29,Autumn,4.7,8.43,No,"Sightseeing,Museum,Beach Volley",12,1887.48,3,2
Sacred Park,China,Asia,Historical,118.83,Winter,4.6,7.49,No,"Trekking,Sightseeing",6,712.98,3,1
Ancient Canyon,Australia,Oceania,Beach,191.98,Winter,4.1,3.74,No,Food Tour,10,1919.8,1,4
Lush Valley,Kenya,Africa,Nature,166.04,Autumn,4.5,0.73,Yes,"Skiing,Trekking,Sightseeing",5,830.1999999999999,4,0
Mystic Valley,Vietnam,Asia,Religious,204.0,Winter,4.8,8.45,Yes,Shopping,11,2244.0,5,1
Hidden Plaza,Greece,Europe,Adventure,216.52,Summer,4.9,1.72,Yes,Beach Volley,5,1082.6000000000001,0,2
Ancient Ruins,Brazil,South America,City,143.74,Spring,4.8,0.88,No,Shopping,4,574.96,2,5
Hidden Temple,New Zealand,Oceania,Religious,204.09,Autumn,4.4,7.16,Yes,"Beach Volley,Museum",14,2857.26,5,4
Grand Plaza,South Africa,Africa,Nature,116.58,Summer,4.5,4.56,No,"Trekking,Sightseeing,Museum",12,1398.96,4,0
Serene Canyon,Morocco,Africa,Religious,188.83,Autumn,4.5,6.59,No,Skiing,9,1699.47,5,0
Hidden Park,Greece,Europe,Historical,163.1,Summer,3.9,1.13,Yes,"Beach Volley,Skiing",9,1467.8999999999999,3,2
Mystic Falls,Canada,North America,Religious,146.59,Summer,4.6,5.04,No,Shopping,4,586.36,5,3
Sacred Temple,China,Asia,Nature,218.49,Summer,4.2,6.79,No,"Skiing,Sightseeing",5,1092.45,4,1
Mystic Forest,China,Asia,Adventure,100.44,Spring,4.8,3.5,No,Food Tour,3,301.32,0,1
Golden Forest,Kenya,Africa,Nature,167.52,Winter,4.2,0.88,Yes,Sightseeing,5,837.6,4,0
Crystal Temple,India,Asia,Historical,200.07,Winter,4.6,8.96,No,"Sightseeing,Trekking",13,2600.91,3,1
Crystal Ruins,Vietnam,Asia,Religious,60.94,Autumn,3.8,1.23,Yes,"Trekking,Surfing,Sightseeing",7,426.58,5,1
Crystal Forest,Kenya,Africa,Religious,199.79,Summer,4.7,2.82,No,Food Tour,9,1798.11,5,0
Serene Pagoda,Greece,Europe,Historical,208.67,Autumn,4.4,8.83,No,Beach Volley,9,1878.03,3,2
Hidden Ruins,Argentina,South America,Religious,165.54,Autumn,4.0,2.33,Yes,"Beach Volley,Food Tour",10,1655.3999999999999,5,5
Golden Ruins,Canada,North America,Religious,177.59,Winter,4.7,0.96,No,"Museum,Surfing",9,1598.31,5,3
Mystic Beach,Vietnam,Asia,Religious,139.37,Autumn,4.9,3.75,Yes,"Museum,Sightseeing,Surfing",12,1672.44,5,1
Lush Falls,New Zealand,Oceania,Adventure,106.09,Spring,4.5,7.69,No,"Shopping,Museum,Sightseeing",12,1273.08,0,4
Crystal Canyon,China,Asia,Adventure,86.31,Summer,4.6,2.29,No,Surfing,12,1035.72,0,1
Hidden Park,Canada,North America,Religious,207.48,Autumn,4.6,0.67,Yes,"Trekking,Museum,Skiing",6,1244.8799999999999,5,3
Mystic Park,Italy,Europe,Religious,154.79,Spring,4.3,8.29,No,"Beach Volley,Trekking",11,1702.6899999999998,5,2
Mystic Temple,Germany,Europe,Adventure,92.14,Autumn,4.1,6.17,Yes,Trekking,9,829.26,0,2
Golden Falls,Canada,North America,Religious,187.35,Winter,4.9,6.02,No,Sightseeing,8,1498.8,5,3
Grand Ruins,South Africa,Africa,Beach,192.16,Winter,4.8,2.46,No,Shopping,7,1345.12,1,0
Mystic Beach,Italy,Europe,Beach,106.54,Spring,4.4,1.73,No,"Museum,Skiing,Beach Volley",7,745.7800000000001,1,2
Mystic Plaza,Greece,Europe,Nature,192.5,Spring,4.6,9.65,No,"Surfing,Beach Volley,Food Tour",8,1540.0,4,2
Lush Canyon,Mexico,North America,Beach,92.68,Summer,4.6,1.5,Yes,"Beach Volley,Surfing,Museum",4,370.72,1,3
Ancient Pagoda,Egypt,Africa,City,166.16,Autumn,4.9,6.37,No,Beach Volley,4,664.64,2,0
Lush Falls,Morocco,Africa,Adventure,185.36,Spring,4.8,8.43,No,"Museum,Beach Volley",13,2409.6800000000003,0,0
Lush Forest,France,Europe,Beach,126.94,Summer,4.7,6.58,Yes,"Beach Volley,Food Tour",5,634.7,1,2
Ancient Park,Mexico,North America,Beach,159.97,Autumn,4.5,0.82,Yes,"Sightseeing,Trekking",10,1599.7,1,3
Grand Canyon,USA,North America,Adventure,90.27,Autumn,4.6,7.27,No,"Surfing,Trekking,Museum",14,1263.78,0,3
Sacred Ruins,South Africa,Africa,City,123.31,Summer,4.3,5.2,No,"Surfing,Museum,Sightseeing",6,739.86,2,0
Sacred Forest,China,Asia,Religious,171.03,Summer,4.3,5.26,No,Beach Volley,3,513.09,5,1
Serene Valley,Vietnam,Asia,Beach,88.17,Summer,4.7,1.99,No,Sightseeing,6,529.02,1,1
Lush Falls,USA,North America,Nature,192.84,Winter,5.0,7.67,Yes,"Surfing,Beach Volley",6,1157.04,4,3
Mystic Valley,Greece,Europe,Beach,124.61,Winter,3.9,4.35,No,Trekking,13,1619.93,1,2
Ancient Forest,New Zealand,Oceania,Historical,102.06,Summer,4.1,5.86,Yes,"Shopping,Beach Volley",7,714.4200000000001,3,4
Golden Temple,Argentina,South America,Historical,165.71,Winter,4.4,3.02,No,"Skiing,Sightseeing",11,1822.8100000000002,3,5
Lush Ruins,Argentina,South America,Beach,184.52,Spring,4.6,2.1,No,"Shopping,Beach Volley",5,922.6,1,5
Hidden Park,South Africa,Africa,Adventure,147.54,Spring,4.6,9.48,No,"Skiing,Sightseeing",12,1770.48,0,0
Golden Temple,New Zealand,Oceania,Nature,90.65,Winter,4.8,2.29,No,Museum,9,815.85,4,4
Serene Ruins,Italy,Europe,City,121.33,Winter,4.4,1.87,Yes,"Beach Volley,Surfing",5,606.65,2,2
Crystal Ruins,Egypt,Africa,Nature,141.1,Winter,4.2,8.06,No,"Food Tour,Sightseeing,Surfing",10,1411.0,4,0
Crystal Plaza,Egypt,Africa,Adventure,92.82,Summer,4.7,1.43,No,Museum,9,835.3799999999999,0,0
Crystal Plaza,Morocco,Africa,City,125.61,Autumn,4.8,6.73,No,"Skiing,Trekking",3,376.83,2,0
Crystal Temple,Germany,Europe,Nature,248.64,Winter,4.6,6.99,Yes,Food Tour,9,2237.7599999999998,4,2
Mystic Falls,Japan,Asia,Nature,80.61,Winter,4.7,0.87,No,Trekking,12,967.3199999999999,4,1
Serene Valley,Thailand,Asia,Adventure,198.63,Summer,4.5,5.91,No,"Museum,Sightseeing",5,993.15,0,1
Grand Valley,Brazil,South America,Beach,175.04,Summer,4.2,6.91,No,"Museum,Beach Volley",4,700.16,1,5
Hidden Canyon,Peru,South America,Religious,95.46,Summer,4.7,8.09,No,"Museum,Shopping",12,1145.52,5,5
Grand Temple,Germany,Europe,City,160.83,Spring,4.4,9.15,Yes,"Shopping,Skiing,Trekking",6,964.98,2,2
Crystal Park,China,Asia,Beach,226.18,Summer,4.1,4.59,Yes,"Food Tour,Sightseeing",9,2035.6200000000001,1,1
Crystal Forest,Vietnam,Asia,Beach,58.95,Spring,4.3,7.74,No,Food Tour,14,825.3000000000001,1,1
Mystic Falls,Brazil,South America,Nature,156.61,Summer,4.5,7.51,No,"Museum,Surfing,Shopping",3,469.83000000000004,4,5
Sacred Forest,China,Asia,City,144.98,Spring,4.5,3.05,No,Food Tour,7,1014.8599999999999,2,1
Crystal Beach,Egypt,Africa,Adventure,161.64,Autumn,4.7,7.35,No,"Shopping,Trekking,Food Tour",7,1131.48,0,0
Mystic Plaza,Kenya,Africa,Nature,193.64,Winter,4.2,0.77,No,"Surfing,Museum,Shopping",5,968.1999999999999,4,0
Hidden Temple,South Africa,Africa,Religious,222.49,Spring,4.1,1.89,Yes,"Surfing,Museum,Beach Volley",13,2892.37,5,0
Mystic Pagoda,Kenya,Africa,Nature,123.12,Autumn,4.7,6.7,No,"Surfing,Sightseeing",4,492.48,4,0
Grand Forest,Japan,Asia,Adventure,231.45,Spring,4.0,1.52,Yes,"Skiing,Beach Volley,Trekking",3,694.3499999999999,0,1
Grand Falls,Mexico,North America,Historical,189.59,Summer,4.3,9.99,No,"Skiing,Shopping,Museum",7,1327.13,3,3
Serene Valley,Spain,Europe,Religious,115.68,Summer,4.2,6.8,Yes,Sightseeing,8,925.44,5,2
Crystal Forest,USA,North America,Nature,222.61,Summer,4.5,1.79,Yes,"Shopping,Sightseeing,Skiing",12,2671.32,4,3
Mystic Pagoda,Vietnam,Asia,Beach,124.67,Autumn,4.2,1.45,No,"Food Tour,Beach Volley",13,1620.71,1,1
Serene Beach,Vietnam,Asia,Nature,190.45,Summer,4.3,4.09,No,Beach Volley,13,2475.85,4,1
Sacred Park,Thailand,Asia,Religious,137.29,Spring,4.3,9.82,Yes,Skiing,11,1510.1899999999998,5,1
Sacred Temple,Italy,Europe,Nature,91.15,Autumn,5.0,2.08,No,Food Tour,8,729.2,4,2
Sacred Falls,USA,North America,Beach,133.07,Spring,4.4,1.04,No,"Skiing,Food Tour,Surfing",5,665.3499999999999,1,3
Hidden Valley,Italy,Europe,Adventure,160.47,Autumn,4.2,9.32,No,"Beach Volley,Skiing,Museum",14,2246.58,0,2
Ancient Canyon,Peru,South America,Religious,211.4,Winter,4.5,4.74,No,Skiing,6,1268.4,5,5
Golden Park,Argentina,South America,Adventure,201.08,Spring,4.8,2.15,Yes,"Skiing,Trekking,Museum",11,2211.88,0,5
Sacred Beach,China,Asia,City,218.2,Spring,4.1,1.17,No,"Trekking,Surfing,Food Tour",8,1745.6,2,1
Golden Park,India,Asia,Nature,177.29,Autumn,3.8,9.96,Yes,Surfing,13,2304.77,4,1
Golden Falls,India,Asia,Historical,217.27,Spring,4.5,4.6,No,"Food Tour,Sightseeing",6,1303.6200000000001,3,1
Grand Pagoda,USA,North America,Adventure,171.09,Spring,4.9,8.92,Yes,"Food Tour,Sightseeing",9,1539.81,0,3
Lush Beach,Canada,North America,Beach,236.49,Winter,4.1,6.49,No,Skiing,10,2364.9,1,3
Grand Falls,Germany,Europe,Religious,95.39,Spring,4.4,1.39,Yes,"Trekking,Sightseeing,Food Tour",12,1144.68,5,2
Sacred Canyon,Argentina,South America,Historical,113.34,Autumn,4.3,7.49,No,"Skiing,Surfing,Museum",14,1586.76,3,5
Hidden Plaza,Greece,Europe,Adventure,153.39,Autumn,3.9,2.04,Yes,Beach Volley,12,1840.6799999999998,0,2
Crystal Beach,France,Europe,Historical,136.72,Winter,4.8,7.74,Yes,"Beach Volley,Trekking,Skiing",4,546.88,3,2
Golden Ruins,Germany,Europe,Adventure,152.79,Autumn,4.4,4.83,No,Surfing,13,1986.27,0,2
Crystal Valley,Kenya,Africa,City,138.02,Autumn,4.5,4.52,No,Shopping,13,1794.2600000000002,2,0
Mystic Falls,Thailand,Asia,Adventure,127.32,Autumn,5.0,7.46,No,"Shopping,Skiing",5,636.5999999999999,0,1
Ancient Beach,China,Asia,Nature,183.58,Autumn,4.3,6.09,Yes,"Beach Volley,Skiing",7,1285.0600000000002,4,1
Serene Beach,Germany,Europe,City,116.64,Spring,4.3,6.47,No,"Beach Volley,Sightseeing,Surfing",13,1516.32,2,2
Golden Plaza,Kenya,Africa,Historical,134.65,Autumn,4.9,2.95,No,"Sightseeing,Shopping,Trekking",10,1346.5,3,0
Grand Temple,Vietnam,Asia,Historical,169.32,Spring,4.8,4.76,No,"Museum,Trekking",12,2031.84,3,1
Ancient Canyon,Egypt,Africa,City,77.65,Winter,4.5,6.45,Yes,"Surfing,Trekking",6,465.90000000000003,2,0
Ancient Forest,Mexico,North America,Religious,49.13,Autumn,3.7,5.88,Yes,"Sightseeing,Shopping,Beach Volley",10,491.3,5,3
Mystic Temple,Egypt,Africa,City,237.43,Winter,4.4,6.07,No,"Beach Volley,Skiing,Food Tour",12,2849.16,2,0
Serene Ruins,Greece,Europe,City,80.36,Autumn,4.5,4.91,Yes,"Skiing,Museum",5,401.8,2,2
Golden Plaza,Thailand,Asia,Beach,164.1,Winter,4.4,3.69,Yes,"Skiing,Beach Volley",10,1641.0,1,1
Serene Temple,Thailand,Asia,Nature,152.28,Spring,4.7,6.5,No,"Food Tour,Museum",9,1370.52,4,1
Grand Beach,Peru,South America,Adventure,96.25,Autumn,4.5,4.07,Yes,"Surfing,Food Tour,Museum",5,481.25,0,5
Hidden Plaza,Argentina,South America,Beach,162.3,Spring,4.3,4.75,No,"Beach Volley,Shopping",4,649.2,1,5
Golden Beach,Mexico,North America,Historical,115.43,Summer,4.7,2.06,Yes,"Trekking,Skiing",12,1385.16,3,3
Lush Canyon,Kenya,Africa,Religious,185.92,Spring,4.5,7.25,Yes,"Shopping,Skiing,Museum",9,1673.28,5,0
Lush Falls,Egypt,Africa,Beach,177.93,Autumn,3.7,1.3,Yes,"Shopping,Sightseeing",14,2491.02,1,0
Golden Forest,Peru,South America,Historical,182.62,Summer,4.0,1.54,Yes,"Surfing,Beach Volley,Skiing",8,1460.96,3,5
Hidden Park,Germany,Europe,Historical,87.1,Spring,4.7,7.32,No,"Museum,Sightseeing,Surfing",7,609.6999999999999,3,2
Crystal Temple,Australia,Oceania,Nature,184.64,Spring,4.8,6.34,Yes,Sightseeing,14,2584.96,4,4
Mystic Park,South Africa,Africa,Adventure,91.3,Summer,4.3,9.89,No,"Sightseeing,Skiing,Beach Volley",5,456.5,0,0
Lush Valley,Greece,Europe,Beach,223.55,Winter,4.3,7.0,Yes,Museum,4,894.2,1,2
Lush Temple,Spain,Europe,Nature,116.28,Spring,4.3,3.17,No,Beach Volley,4,465.12,4,2
Serene Plaza,New Zealand,Oceania,Religious,77.82,Winter,4.4,0.69,Yes,"Food Tour,Shopping",12,933.8399999999999,5,4
Sacred Falls,New Zealand,Oceania,Religious,86.43,Spring,4.1,0.57,No,Surfing,4,345.72,5,4
Ancient Pagoda,Japan,Asia,Adventure,197.57,Summer,4.7,1.89,No,"Skiing,Shopping,Food Tour",6,1185.42,0,1
Crystal Ruins,Thailand,Asia,Nature,171.67,Summer,4.3,6.35,Yes,Skiing,10,1716.6999999999998,4,1
Serene Plaza,Argentina,South America,Beach,156.32,Summer,4.4,3.43,No,Food Tour,9,1406.8799999999999,1,5
Sacred Plaza,Vietnam,Asia,Religious,214.27,Summer,4.3,8.2,Yes,"Skiing,Food Tour",4,857.08,5,1
Serene Ruins,New Zealand,Oceania,Adventure,178.87,Autumn,4.5,4.36,No,"Museum,Surfing",11,1967.5700000000002,0,4
Golden Forest,France,Europe,City,145.38,Winter,5.0,9.03,No,Skiing,12,1744.56,2,2
Serene Canyon,India,Asia,Nature,119.58,Spring,4.7,8.15,No,"Food Tour,Skiing,Sightseeing",10,1195.8,4,1
Golden Forest,Brazil,South America,Nature,126.84,Summer,4.7,9.55,Yes,"Museum,Trekking,Surfing",8,1014.72,4,5
Crystal Ruins,Mexico,North America,Historical,269.42,Summer,4.9,6.63,No,Skiing,6,1616.52,3,3
Serene Forest,Brazil,South America,Beach,151.88,Winter,4.4,9.36,No,"Food Tour,Shopping,Sightseeing",6,911.28,1,5
Hidden Falls,Greece,Europe,Beach,200.36,Spring,4.7,0.63,No,"Trekking,Skiing,Museum",4,801.44,1,2
Grand Park,Spain,Europe,Religious,48.35,Spring,5.0,5.24,No,"Food Tour,Surfing",14,676.9,5,2
Golden Falls,Argentina,South America,Historical,160.53,Summer,4.4,5.28,No,Skiing,13,2086.89,3,5
Golden Forest,Mexico,North America,Religious,145.59,Spring,5.0,1.92,Yes,Beach Volley,5,727.95,5,3
Grand Canyon,Kenya,Africa,Nature,97.69,Summer,4.6,8.79,No,"Food Tour,Skiing",7,683.8299999999999,4,0
Serene Falls,Morocco,Africa,Religious,95.8,Winter,4.6,9.64,No,Shopping,13,1245.3999999999999,5,0
Serene Plaza,Brazil,South America,City,110.46,Autumn,4.5,6.45,Yes,"Trekking,Shopping,Surfing",14,1546.4399999999998,2,5
Mystic Pagoda,Japan,Asia,City,188.42,Autumn,4.3,8.27,Yes,"Surfing,Shopping",9,1695.78,2,1
Mystic Canyon,USA,North America,City,150.08,Winter,4.6,4.82,No,"Beach Volley,Museum",5,750.4000000000001,2,3
Grand Park,France,Europe,Historical,122.3,Winter,4.6,5.7,No,"Surfing,Sightseeing",8,978.4,3,2
Serene Pagoda,Canada,North America,Beach,106.59,Winter,4.5,4.47,Yes,"Sightseeing,Skiing,Trekking",7,746.13,1,3
Mystic Beach,Morocco,Africa,Adventure,179.23,Summer,4.4,1.72,No,"Skiing,Trekking",11,1971.53,0,0
Ancient Beach,Egypt,Africa,Beach,123.26,Autumn,4.6,6.42,No,"Skiing,Food Tour",8,986.08,1,0
Ancient Canyon,Morocco,Africa,Beach,209.21,Winter,4.3,2.72,Yes,Surfing,8,1673.68,1,0
Golden Valley,Germany,Europe,Religious,86.5,Summer,4.7,7.28,No,Surfing,5,432.5,5,2
Ancient Temple,New Zealand,Oceania,Religious,163.06,Spring,4.8,1.71,No,Food Tour,10,1630.6,5,4
Crystal Falls,Germany,Europe,Adventure,90.85,Autumn,4.4,7.15,No,"Skiing,Food Tour",12,1090.1999999999998,0,2
Crystal Forest,Vietnam,Asia,City,129.79,Winter,4.6,5.31,Yes,Skiing,12,1557.48,2,1
Crystal Valley,Greece,Europe,Beach,182.28,Summer,4.5,5.59,Yes,"Sightseeing,Trekking,Museum",11,2005.08,1,2
Serene Beach,Australia,Oceania,Adventure,203.93,Winter,4.4,5.18,Yes,Trekking,14,2855.02,0,4
Crystal Temple,Mexico,North America,Adventure,95.24,Autumn,3.5,8.54,Yes,"Sightseeing,Food Tour,Shopping",5,476.2,0,3
Ancient Temple,Kenya,Africa,Adventure,133.04,Summer,4.9,3.67,No,Surfing,11,1463.4399999999998,0,0
Hidden Valley,Greece,Europe,Historical,287.76,Spring,4.4,2.76,Yes,Beach Volley,13,3740.88,3,2
Mystic Plaza,Japan,Asia,Beach,146.66,Summer,4.9,3.67,No,"Surfing,Trekking",14,2053.24,1,1
Mystic Canyon,Australia,Oceania,Historical,136.72,Winter,4.4,9.52,No,"Food Tour,Surfing,Skiing",4,546.88,3,4
Crystal Pagoda,Egypt,Africa,Historical,105.77,Spring,4.3,4.88,No,"Museum,Beach Volley,Sightseeing",13,1375.01,3,0
Ancient Beach,Kenya,Africa,Historical,174.31,Spring,3.9,5.74,No,"Beach Volley,Surfing,Sightseeing",13,2266.03,3,0
Grand Pagoda,Germany,Europe,Religious,112.46,Winter,3.9,9.67,No,"Food Tour,Trekking,Museum",9,1012.14,5,2
Crystal Ruins,Vietnam,Asia,Beach,80.23,Summer,4.3,2.81,No,Shopping,11,882.5300000000001,1,1
Grand Falls,Spain,Europe,Historical,229.13,Winter,4.4,2.46,Yes,"Sightseeing,Museum,Skiing",11,2520.43,3,2
Grand Park,Peru,South America,Adventure,221.37,Autumn,4.4,3.72,No,Shopping,12,2656.44,0,5
Serene Plaza,Morocco,Africa,Historical,80.56,Winter,4.6,7.55,No,Sightseeing,13,1047.28,3,0
Lush Forest,Thailand,Asia,Nature,165.37,Autumn,4.4,3.85,No,"Food Tour,Trekking,Beach Volley",8,1322.96,4,1
Grand Forest,New Zealand,Oceania,City,103.01,Autumn,4.8,9.11,Yes,"Food Tour,Beach Volley,Sightseeing",11,1133.1100000000001,2,4
Serene Falls,South Africa,Africa,Religious,142.08,Winter,4.4,5.18,No,"Surfing,Trekking",6,852.48,5,0
Lush Ruins,France,Europe,City,184.01,Summer,4.4,5.68,No,Trekking,12,2208.12,2,2
Mystic Canyon,Greece,Europe,Beach,196.18,Spring,4.2,6.76,No,"Shopping,Sightseeing",10,1961.8000000000002,1,2
Serene Beach,India,Asia,City,131.08,Autumn,4.5,1.58,Yes,Museum,4,524.32,2,1
Golden Plaza,Germany,Europe,Beach,179.39,Winter,4.7,5.34,No,"Museum,Beach Volley",4,717.56,1,2
Ancient Pagoda,Japan,Asia,Beach,109.48,Summer,4.4,3.2,No,"Food Tour,Skiing",8,875.84,1,1
Mystic Valley,Egypt,Africa,City,217.54,Summer,4.3,5.63,Yes,"Surfing,Food Tour,Beach Volley",12,2610.48,2,0
Grand Ruins,Mexico,North America,Beach,140.08,Summer,4.2,9.37,No,"Museum,Trekking",3,420.24,1,3
Crystal Pagoda,USA,North America,Adventure,208.32,Winter,4.7,4.93,No,"Skiing,Surfing",7,1458.24,0,3
Golden Canyon,Thailand,Asia,Religious,109.38,Spring,4.4,8.82,No,"Sightseeing,Surfing,Food Tour",13,1421.94,5,1
Golden Park,Greece,Europe,City,121.91,Summer,4.6,5.37,No,"Shopping,Skiing,Museum",11,1341.01,2,2
Grand Pagoda,USA,North America,Nature,266.9,Winter,4.4,9.49,Yes,"Beach Volley,Museum",13,3469.7,4,3
Sacred Canyon,New Zealand,Oceania,Religious,209.08,Spring,5.0,0.98,No,"Beach Volley,Museum",11,2299.88,5,4
Ancient Forest,Mexico,North America,Adventure,116.14,Winter,4.6,8.44,Yes,"Beach Volley,Skiing",14,1625.96,0,3
Golden Temple,China,Asia,City,126.21,Winter,4.3,2.87,No,Surfing,3,378.63,2,1
Lush Pagoda,China,Asia,City,81.74,Summer,4.3,5.15,No,"Food Tour,Trekking",13,1062.62,2,1
Mystic Beach,Peru,South America,Religious,159.55,Autumn,4.5,1.03,No,Food Tour,4,638.2,5,5
Ancient Valley,Japan,Asia,Religious,123.29,Autumn,4.5,8.45,Yes,"Trekking,Beach Volley",6,739.74,5,1
Crystal Ruins,Spain,Europe,Historical,303.84,Spring,4.9,5.84,Yes,"Beach Volley,Skiing,Trekking",12,3646.08,3,2
Golden Canyon,New Zealand,Oceania,Beach,127.34,Summer,4.4,3.53,Yes,Beach Volley,4,509.36,1,4
Golden Temple,Canada,North America,Nature,83.0,Winter,4.6,1.61,No,Food Tour,3,249.0,4,3
Lush Beach,Brazil,South America,Beach,179.21,Summer,4.7,3.32,No,Shopping,10,1792.1000000000001,1,5
Golden Falls,Italy,Europe,Historical,199.69,Summer,4.9,7.94,No,Food Tour,14,2795.66,3,2
Grand Falls,Argentina,South America,Adventure,158.58,Winter,4.6,1.98,No,"Sightseeing,Surfing",5,792.9000000000001,0,5
Sacred Valley,Germany,Europe,Religious,181.62,Summer,4.4,2.49,No,Museum,7,1271.3400000000001,5,2
Grand Pagoda,Australia,Oceania,City,160.05,Summer,4.4,4.32,No,"Skiing,Sightseeing",10,1600.5,2,4
Lush Valley,South Africa,Africa,Beach,161.37,Spring,4.7,1.36,Yes,"Food Tour,Beach Volley,Skiing",13,2097.81,1,0
Mystic Ruins,Morocco,Africa,Beach,99.35,Winter,4.0,0.99,No,"Museum,Beach Volley,Surfing",7,695.4499999999999,1,0
Mystic Falls,Australia,Oceania,Nature,96.79,Spring,4.5,4.31,No,"Beach Volley,Skiing",12,1161.48,4,4
Grand Temple,Argentina,South America,Historical,210.45,Autumn,4.3,8.13,Yes,Museum,9,1894.05,3,5
Lush Valley,Canada,North America,Nature,130.41,Summer,4.2,4.05,No,"Surfing,Beach Volley,Skiing",7,912.87,4,3
Ancient Pagoda,France,Europe,City,169.05,Spring,4.4,7.22,No,"Surfing,Museum",5,845.25,2,2
Crystal Ruins,Greece,Europe,Adventure,125.17,Spring,4.2,1.51,Yes,Shopping,8,1001.36,0,2
Ancient Ruins,Spain,Europe,Historical,105.19,Spring,4.6,9.87,No,Museum,8,841.52,3,2
Lush Ruins,India,Asia,Historical,124.09,Autumn,4.9,6.0,No,Beach Volley,4,496.36,3,1
Crystal Plaza,Greece,Europe,Nature,155.63,Autumn,4.8,2.16,Yes,"Trekking,Surfing,Museum",12,1867.56,4,2
Sacred Park,Thailand,Asia,Nature,203.13,Winter,4.4,6.62,No,"Food Tour,Sightseeing,Beach Volley",4,812.52,4,1
Sacred Pagoda,Peru,South America,Historical,194.53,Summer,4.6,8.99,No,"Food Tour,Beach Volley",10,1945.3,3,5
Golden Temple,Brazil,South America,Religious,233.19,Summer,4.6,7.69,No,"Food Tour,Beach Volley,Trekking",3,699.5699999999999,5,5
Crystal Plaza,New Zealand,Oceania,Beach,93.1,Winter,4.6,8.08,No,"Museum,Surfing,Skiing",7,651.6999999999999,1,4
Serene Plaza,USA,North America,Nature,127.57,Autumn,4.6,4.91,No,Surfing,6,765.42,4,3
Lush Forest,India,Asia,Religious,124.89,Summer,4.2,0.67,No,Sightseeing,12,1498.68,5,1
Ancient Plaza,India,Asia,Beach,204.83,Summer,3.8,6.39,Yes,Food Tour,11,2253.13,1,1
Hidden Falls,Thailand,Asia,City,198.48,Autumn,4.6,2.55,No,"Skiing,Museum,Sightseeing",8,1587.84,2,1
Lush Valley,Egypt,Africa,Adventure,150.16,Winter,4.9,9.82,No,Sightseeing,10,1501.6,0,0
Lush Ruins,Brazil,South America,Adventure,135.47,Summer,4.3,6.56,No,Skiing,3,406.40999999999997,0,5
Grand Beach,Morocco,Africa,City,179.36,Spring,4.4,1.12,No,"Trekking,Sightseeing",4,717.44,2,0
Serene Beach,Japan,Asia,Adventure,260.28,Autumn,4.9,6.7,Yes,"Trekking,Beach Volley,Museum",10,2602.7999999999997,0,1
Mystic Valley,Kenya,Africa,Adventure,113.01,Spring,4.1,8.51,Yes,Beach Volley,5,565.0500000000001,0,0
Crystal Pagoda,Germany,Europe,Beach,174.45,Spring,4.4,5.85,No,Museum,6,1046.6999999999998,1,2
Crystal Ruins,Thailand,Asia,Nature,189.5,Winter,4.8,2.47,No,Surfing,8,1516.0,4,1
Crystal Ruins,Italy,Europe,Beach,202.94,Autumn,4.6,4.61,No,"Beach Volley,Shopping,Surfing",6,1217.6399999999999,1,2
Sacred Ruins,Canada,North America,Historical,147.42,Autumn,4.7,1.86,No,"Trekking,Sightseeing,Beach Volley",9,1326.78,3,3
Sacred Park,Thailand,Asia,Historical,176.15,Autumn,4.5,3.54,No,"Beach Volley,Trekking,Museum",6,1056.9,3,1
Hidden Beach,Canada,North America,Beach,117.22,Winter,4.4,7.38,No,Sightseeing,3,351.65999999999997,1,3
Hidden Valley,Germany,Europe,Adventure,201.69,Winter,4.3,4.71,No,Sightseeing,10,2016.9,0,2
Golden Pagoda,Kenya,Africa,Adventure,226.44,Spring,4.5,4.13,No,"Surfing,Beach Volley,Trekking",4,905.76,0,0
Ancient Beach,Germany,Europe,Religious,46.39,Autumn,4.2,3.99,No,"Museum,Sightseeing",3,139.17000000000002,5,2
Sacred Ruins,Canada,North America,Religious,218.92,Winter,4.5,3.94,No,Sightseeing,9,1970.28,5,3
Serene Park,Egypt,Africa,Adventure,252.15,Winter,4.6,3.06,No,Trekking,8,2017.2,0,0
Crystal Forest,France,Europe,Historical,164.34,Spring,4.5,7.37,Yes,"Food Tour,Sightseeing,Beach Volley",7,1150.38,3,2
Lush Plaza,Greece,Europe,Religious,242.9,Autumn,4.8,0.78,No,"Surfing,Beach Volley,Museum",13,3157.7000000000003,5,2
Grand Forest,Thailand,Asia,Historical,159.63,Spring,5.0,5.68,No,"Food Tour,Skiing,Surfing",9,1436.67,3,1
Hidden Ruins,Peru,South America,Beach,116.56,Winter,4.4,2.34,No,"Museum,Beach Volley,Sightseeing",4,466.24,1,5
Grand Canyon,New Zealand,Oceania,Nature,144.26,Winter,4.7,4.93,No,"Shopping,Trekking,Museum",6,865.56,4,4
Ancient Valley,Kenya,Africa,Religious,165.63,Autumn,5.0,5.33,No,"Shopping,Skiing,Trekking",13,2153.19,5,0
Grand Valley,Greece,Europe,Beach,190.4,Summer,4.2,2.1,No,"Surfing,Shopping",4,761.6,1,2
Sacred Park,Vietnam,Asia,Religious,141.38,Summer,4.1,3.22,No,"Skiing,Shopping",10,1413.8,5,1
Serene Temple,Italy,Europe,Religious,186.64,Spring,4.1,6.68,No,"Museum,Trekking,Skiing",12,2239.68,5,2
Lush Valley,India,Asia,Nature,134.43,Autumn,4.9,1.19,Yes,Skiing,11,1478.73,4,1
Grand Beach,Japan,Asia,Adventure,229.92,Autumn,4.7,0.57,No,"Food Tour,Sightseeing,Shopping",7,1609.4399999999998,0,1
Crystal Canyon,Japan,Asia,City,122.23,Spring,4.5,5.91,Yes,Trekking,13,1588.99,2,1
Grand Beach,Thailand,Asia,Religious,44.76,Winter,5.0,9.48,Yes,"Skiing,Food Tour,Shopping",3,134.28,5,1
Sacred Park,France,Europe,Beach,126.29,Winter,4.6,4.92,No,"Beach Volley,Shopping,Surfing",5,631.45,1,2
Grand Temple,Peru,South America,Historical,140.7,Winter,4.0,4.83,No,"Museum,Surfing,Food Tour",11,1547.6999999999998,3,5
Grand Beach,New Zealand,Oceania,Adventure,58.69,Winter,4.8,2.06,No,"Sightseeing,Beach Volley,Shopping",10,586.9,0,4
Grand Ruins,South Africa,Africa,Adventure,214.4,Winter,4.5,6.81,No,"Skiing,Food Tour,Sightseeing",9,1929.6000000000001,0,0
Ancient Ruins,China,Asia,Historical,175.42,Winter,4.4,9.17,No,"Museum,Surfing,Sightseeing",8,1403.36,3,1
Crystal Forest,Australia,Oceania,Beach,186.55,Autumn,4.7,9.69,No,Food Tour,9,1678.95,1,4
Golden Plaza,USA,North America,Historical,161.62,Winter,4.8,5.54,Yes,Trekking,5,808.1,3,3
Sacred Valley,France,Europe,Religious,259.25,Winter,4.3,5.79,Yes,Surfing,10,2592.5,5,2
Mystic Pagoda,South Africa,Africa,Adventure,106.31,Summer,4.8,5.87,No,Food Tour,12,1275.72,0,0
Serene Canyon,Morocco,Africa,Religious,141.48,Spring,4.3,7.63,Yes,"Beach Volley,Surfing,Sightseeing",13,1839.2399999999998,5,0
Grand Canyon,Canada,North America,Nature,149.27,Winter,4.0,3.63,No,Surfing,10,1492.7,4,3
Mystic Beach,Kenya,Africa,Beach,206.09,Spring,4.4,7.0,Yes,Trekking,5,1030.45,1,0
Ancient Valley,Morocco,Africa,Nature,138.92,Summer,4.6,8.8,Yes,"Food Tour,Museum",4,555.68,4,0
Ancient Valley,Germany,Europe,Historical,89.17,Spring,4.2,5.36,No,"Trekking,Shopping",6,535.02,3,2
Lush Beach,Vietnam,Asia,Historical,197.0,Winter,4.4,4.26,No,Skiing,8,1576.0,3,1
Ancient Temple,Thailand,Asia,Beach,133.24,Autumn,4.1,4.16,No,"Trekking,Sightseeing",6,799.44,1,1
Lush Ruins,Kenya,Africa,Adventure,157.15,Autumn,4.6,5.3,No,Surfing,5,785.75,0,0
Golden Valley,USA,North America,Historical,148.97,Summer,4.6,1.05,No,Museum,12,1787.6399999999999,3,3
Sacred Beach,Peru,South America,Historical,128.14,Autumn,4.0,1.99,No,"Shopping,Museum,Trekking",13,1665.8199999999997,3,5
Serene Park,USA,North America,Nature,180.48,Spring,4.0,7.35,No,"Skiing,Sightseeing",7,1263.36,4,3
Mystic Temple,France,Europe,Nature,227.18,Summer,4.5,5.84,No,"Food Tour,Trekking",8,1817.44,4,2
Mystic Temple,Japan,Asia,Beach,100.32,Winter,4.5,1.7,Yes,Sightseeing,5,501.59999999999997,1,1
Lush Temple,Spain,Europe,Religious,63.33,Winter,4.6,0.7,Yes,"Surfing,Beach Volley,Sightseeing",7,443.31,5,2
Lush Plaza,Spain,Europe,Historical,197.81,Spring,5.0,9.7,No,"Surfing,Food Tour",12,2373.7200000000003,3,2
Serene Canyon,Australia,Oceania,Adventure,113.23,Winter,4.5,5.74,Yes,Beach Volley,7,792.61,0,4
Serene Pagoda,China,Asia,Beach,58.96,Spring,4.3,9.11,Yes,"Sightseeing,Skiing",12,707.52,1,1
Crystal Falls,Thailand,Asia,Adventure,172.6,Autumn,4.1,4.35,No,"Food Tour,Trekking,Beach Volley",5,863.0,0,1
Hidden Falls,Egypt,Africa,Beach,144.24,Autumn,4.4,3.02,No,"Skiing,Trekking",5,721.2,1,0
Golden Forest,Morocco,Africa,Beach,165.66,Autumn,4.5,3.05,Yes,"Trekking,Sightseeing,Museum",14,2319.24,1,0
Sacred Falls,Brazil,South America,Nature,111.66,Autumn,4.5,9.37,Yes,Skiing,13,1451.58,4,5
Hidden Plaza,China,Asia,Beach,185.31,Summer,4.9,8.33,Yes,"Skiing,Food Tour",3,555.9300000000001,1,1
Hidden Falls,USA,North America,Historical,162.42,Winter,4.5,7.28,Yes,Trekking,10,1624.1999999999998,3,3
Golden Falls,Germany,Europe,Historical,151.62,Summer,4.7,1.61,Yes,"Trekking,Beach Volley",14,2122.6800000000003,3,2
Sacred Valley,Canada,North America,Adventure,96.32,Spring,4.5,6.13,No,"Trekking,Skiing,Food Tour",14,1348.48,0,3
Ancient Forest,China,Asia,Historical,266.96,Winter,4.4,0.6,No,Beach Volley,13,3470.4799999999996,3,1
Grand Plaza,Brazil,South America,Religious,148.01,Summer,4.1,9.53,No,Sightseeing,13,1924.1299999999999,5,5
Lush Pagoda,Peru,South America,Historical,88.32,Winter,3.9,7.29,Yes,"Museum,Surfing,Sightseeing",6,529.92,3,5
Lush Ruins,Italy,Europe,Historical,70.88,Autumn,4.7,4.4,Yes,Surfing,12,850.56,3,2
Golden Canyon,Egypt,Africa,Historical,133.74,Autumn,4.2,0.75,Yes,Skiing,7,936.1800000000001,3,0
Crystal Ruins,France,Europe,Religious,184.46,Summer,4.3,2.41,No,"Skiing,Surfing,Food Tour",13,2397.98,5,2
Golden Valley,China,Asia,Beach,147.48,Summer,4.3,0.59,No,"Trekking,Food Tour,Museum",12,1769.7599999999998,1,1
Crystal Falls,Vietnam,Asia,Beach,157.48,Autumn,4.5,8.62,No,Food Tour,7,1102.36,1,1
Hidden Pagoda,Japan,Asia,Adventure,133.15,Summer,4.5,7.94,No,Sightseeing,9,1198.3500000000001,0,1
Lush Pagoda,Egypt,Africa,Beach,169.63,Autumn,4.6,5.33,Yes,"Surfing,Shopping",5,848.15,1,0
Ancient Beach,Morocco,Africa,Beach,179.13,Spring,4.4,7.41,No,"Trekking,Beach Volley,Shopping",14,2507.8199999999997,1,0
Hidden Plaza,Mexico,North America,Beach,115.38,Summer,4.3,8.03,Yes,"Sightseeing,Trekking,Surfing",5,576.9,1,3
Hidden Forest,Mexico,North America,City,128.76,Summer,4.8,8.5,Yes,"Surfing,Shopping,Skiing",13,1673.8799999999999,2,3
Golden Valley,France,Europe,Religious,195.4,Summer,4.5,9.3,Yes,"Trekking,Sightseeing,Surfing",13,2540.2000000000003,5,2
Grand Canyon,Italy,Europe,Historical,189.9,Summer,4.1,8.94,Yes,"Museum,Shopping,Food Tour",5,949.5,3,2
Hidden Ruins,USA,North America,City,263.79,Autumn,4.2,2.29,Yes,"Surfing,Museum,Skiing",4,1055.16,2,3
Sacred Forest,South Africa,Africa,Adventure,148.04,Autumn,4.0,1.32,No,Food Tour,11,1628.4399999999998,0,0
Crystal Falls,Mexico,North America,Nature,156.87,Autumn,5.0,1.87,No,"Shopping,Surfing,Sightseeing",7,1098.0900000000001,4,3
Crystal Valley,Vietnam,Asia,City,53.46,Summer,4.3,5.46,Yes,"Sightseeing,Food Tour",8,427.68,2,1
Serene Valley,Japan,Asia,Nature,145.4,Winter,4.5,7.73,No,Sightseeing,11,1599.4,4,1
Serene Pagoda,Spain,Europe,Adventure,105.93,Summer,4.9,1.0,Yes,"Museum,Beach Volley,Trekking",8,847.44,0,2
Serene Park,China,Asia,City,111.69,Autumn,4.2,2.25,Yes,"Museum,Sightseeing,Trekking",7,781.8299999999999,2,1
Crystal Pagoda,Australia,Oceania,Nature,92.56,Spring,4.6,3.88,No,"Skiing,Beach Volley",7,647.9200000000001,4,4
Serene Falls,Morocco,Africa,City,177.48,Summer,5.0,4.17,No,"Shopping,Skiing",4,709.92,2,0
Serene Valley,China,Asia,Adventure,227.69,Winter,3.9,0.56,No,Beach Volley,4,910.76,0,1
Ancient Ruins,Brazil,South America,Adventure,160.93,Winter,4.4,9.24,No,"Museum,Trekking",9,1448.3700000000001,0,5
Lush Ruins,India,Asia,Beach,110.63,Summer,4.1,5.9,Yes,"Beach Volley,Skiing,Museum",3,331.89,1,1
Lush Falls,Brazil,South America,Beach,131.55,Autumn,4.6,6.86,No,"Trekking,Sightseeing,Museum",6,789.3000000000001,1,5
Serene Ruins,Brazil,South America,Beach,109.9,Summer,3.8,0.97,No,Shopping,7,769.3000000000001,1,5
Golden Pagoda,China,Asia,Nature,177.8,Autumn,4.3,4.81,No,"Museum,Skiing,Trekking",11,1955.8000000000002,4,1
Grand Plaza,Brazil,South America,Historical,105.49,Summer,4.0,8.62,Yes,Surfing,8,843.92,3,5
Crystal Forest,Canada,North America,Historical,107.68,Winter,4.8,1.62,No,Beach Volley,13,1399.8400000000001,3,3
Golden Temple,Egypt,Africa,Adventure,163.2,Autumn,4.5,6.03,Yes,"Surfing,Trekking",3,489.59999999999997,0,0
Golden Park,Greece,Europe,City,269.09,Summer,4.7,3.98,Yes,"Surfing,Skiing,Trekking",13,3498.1699999999996,2,2
Crystal Temple,Brazil,South America,City,155.26,Summer,4.9,1.61,No,"Food Tour,Sightseeing",3,465.78,2,5
Ancient Temple,Egypt,Africa,Religious,155.36,Autumn,4.2,9.4,No,Shopping,7,1087.52,5,0
Serene Falls,Brazil,South America,Adventure,188.0,Winter,4.4,7.76,Yes,"Surfing,Skiing,Shopping",9,1692.0,0,5
Ancient Ruins,Morocco,Africa,Historical,164.55,Spring,4.3,2.4,No,"Sightseeing,Beach Volley,Food Tour",9,1480.95,3,0
Serene Ruins,Australia,Oceania,Religious,151.54,Autumn,3.8,7.39,No,"Shopping,Beach Volley,Sightseeing",9,1363.86,5,4
Hidden Pagoda,Peru,South America,Religious,138.76,Summer,4.2,5.11,Yes,"Sightseeing,Museum",14,1942.6399999999999,5,5
Golden Ruins,Germany,Europe,Beach,216.04,Autumn,4.6,2.13,No,"Shopping,Skiing,Museum",13,2808.52,1,2
Golden Park,Brazil,South America,Beach,180.01,Winter,4.8,5.78,No,"Food Tour,Surfing",10,1800.1,1,5
Serene Pagoda,Japan,Asia,Adventure,113.25,Summer,5.0,1.81,No,"Sightseeing,Food Tour,Beach Volley",9,1019.25,0,1
Crystal Temple,Greece,Europe,Beach,165.39,Summer,5.0,6.57,No,Food Tour,3,496.16999999999996,1,2
Ancient Valley,Australia,Oceania,Nature,183.82,Winter,4.4,6.08,No,"Food Tour,Skiing,Trekking",3,551.46,4,4
Hidden Forest,Argentina,South America,Religious,144.9,Spring,4.2,7.69,No,"Beach Volley,Sightseeing,Trekking",11,1593.9,5,5
Lush Beach,Brazil,South America,Religious,148.66,Autumn,4.9,9.0,Yes,"Food Tour,Museum,Sightseeing",9,1337.94,5,5
Lush Valley,Japan,Asia,Historical,120.01,Spring,4.0,9.04,No,"Museum,Skiing",4,480.04,3,1
Grand Temple,Brazil,South America,Religious,165.49,Summer,4.7,8.66,Yes,"Shopping,Beach Volley",4,661.96,5,5
Serene Park,Kenya,Africa,City,101.71,Spring,4.3,2.77,No,"Sightseeing,Skiing",3,305.13,2,0
Serene Plaza,Thailand,Asia,Historical,73.65,Winter,4.3,3.55,No,Shopping,7,515.5500000000001,3,1
Sacred Pagoda,Morocco,Africa,Beach,129.38,Spring,4.3,5.94,No,"Beach Volley,Skiing",6,776.28,1,0
Hidden Falls,Australia,Oceania,City,51.27,Spring,4.3,7.59,No,"Surfing,Skiing",9,461.43,2,4
Crystal Canyon,China,Asia,Nature,163.62,Autumn,4.6,3.65,No,Skiing,3,490.86,4,1
Ancient Plaza,Canada,North America,Beach,117.08,Spring,4.6,1.74,No,Museum,7,819.56,1,3
Golden Pagoda,India,Asia,Nature,204.61,Spring,4.3,2.84,Yes,"Beach Volley,Shopping,Surfing",13,2659.9300000000003,4,1
Sacred Canyon,Kenya,Africa,City,168.05,Autumn,4.8,2.91,No,"Shopping,Trekking,Food Tour",4,672.2,2,0
Crystal Valley,Egypt,Africa,Nature,214.54,Winter,5.0,6.73,No,"Skiing,Museum",4,858.16,4,0
Crystal Park,Argentina,South America,Beach,175.73,Autumn,4.4,3.44,Yes,"Museum,Trekking,Sightseeing",11,1933.03,1,5
Grand Falls,Greece,Europe,Beach,76.48,Autumn,4.1,5.66,No,"Food Tour,Trekking",13,994.24,1,2
Hidden Canyon,Kenya,Africa,Beach,183.86,Summer,4.2,8.13,Yes,"Food Tour,Surfing",12,2206.32,1,0
Crystal Ruins,Australia,Oceania,Religious,230.94,Winter,4.6,6.79,No,Beach Volley,11,2540.34,5,4
Golden Pagoda,Canada,North America,Adventure,206.04,Summer,4.3,3.3,Yes,"Trekking,Surfing",10,2060.4,0,3
Ancient Canyon,Japan,Asia,City,228.69,Autumn,4.6,4.1,No,Beach Volley,9,2058.21,2,1
Grand Falls,Argentina,South America,Nature,130.75,Spring,3.9,8.27,Yes,Beach Volley,8,1046.0,4,5
Grand Forest,South Africa,Africa,City,153.98,Winter,4.7,6.78,Yes,Sightseeing,7,1077.86,2,0
Lush Forest,Canada,North America,Historical,188.22,Spring,4.2,8.33,Yes,"Museum,Shopping,Sightseeing",10,1882.2,3,3
Sacred Pagoda,USA,North America,Adventure,137.13,Autumn,4.8,1.35,Yes,"Skiing,Beach Volley,Surfing",13,1782.69,0,3
Grand Pagoda,Peru,South America,Nature,74.98,Spring,4.4,3.27,No,Food Tour,10,749.8000000000001,4,5
Sacred Beach,Thailand,Asia,Adventure,136.38,Autumn,4.9,6.16,Yes,"Beach Volley,Skiing",10,1363.8,0,1
Crystal Temple,Thailand,Asia,Beach,136.99,Winter,4.3,1.35,No,"Sightseeing,Shopping,Surfing",13,1780.8700000000001,1,1
Sacred Park,South Africa,Africa,Nature,74.5,Spring,4.4,9.37,Yes,"Sightseeing,Food Tour",4,298.0,4,0
Golden Pagoda,Argentina,South America,Beach,100.78,Autumn,4.4,5.85,Yes,Sightseeing,5,503.9,1,5
Crystal Valley,Australia,Oceania,Adventure,204.21,Summer,4.6,5.03,Yes,"Food Tour,Beach Volley",6,1225.26,0,4
Lush Falls,Peru,South America,Nature,69.52,Summer,4.3,5.8,No,"Shopping,Museum",11,764.7199999999999,4,5
Sacred Ruins,Italy,Europe,Beach,123.06,Summer,4.4,0.51,No,Surfing,7,861.4200000000001,1,2
Mystic Canyon,New Zealand,Oceania,Religious,211.27,Autumn,4.4,5.94,Yes,Shopping,7,1478.89,5,4
Serene Valley,Morocco,Africa,Historical,111.41,Summer,4.4,2.06,No,Food Tour,10,1114.1,3,0
Ancient Forest,Spain,Europe,Beach,195.59,Winter,4.3,9.1,No,"Surfing,Food Tour",9,1760.31,1,2
Golden Forest,Greece,Europe,City,132.64,Winter,4.7,1.57,Yes,"Beach Volley,Surfing",10,1326.3999999999999,2,2
Crystal Plaza,India,Asia,Adventure,166.83,Summer,4.8,2.06,No,Museum,13,2168.79,0,1
Sacred Canyon,Vietnam,Asia,City,64.9,Winter,4.3,7.5,No,"Shopping,Sightseeing",13,843.7,2,1
Ancient Plaza,Egypt,Africa,Religious,163.04,Autumn,4.5,1.02,No,"Museum,Sightseeing",13,2119.52,5,0
Serene Ruins,Germany,Europe,Religious,136.26,Summer,3.8,5.28,Yes,"Sightseeing,Beach Volley",7,953.8199999999999,5,2
Crystal Canyon,Australia,Oceania,Religious,206.82,Winter,4.2,8.81,No,Trekking,5,1034.1,5,4
Crystal Plaza,Kenya,Africa,Beach,158.38,Autumn,4.8,8.35,No,"Surfing,Shopping,Skiing",4,633.52,1,0
Grand Ruins,China,Asia,Religious,108.54,Summer,4.0,3.51,No,Trekking,9,976.86,5,1
Grand Beach,France,Europe,Historical,59.65,Autumn,4.4,9.64,Yes,"Trekking,Shopping",8,477.2,3,2
Lush Beach,South Africa,Africa,Historical,118.58,Summer,4.4,5.5,No,"Shopping,Beach Volley,Surfing",7,830.06,3,0
Lush Canyon,Japan,Asia,City,140.49,Autumn,4.1,4.62,No,"Food Tour,Sightseeing",5,702.45,2,1
Sacred Temple,France,Europe,City,182.13,Spring,4.7,4.55,No,Surfing,11,2003.4299999999998,2,2
Mystic Ruins,Japan,Asia,Religious,87.89,Autumn,4.2,7.85,No,"Surfing,Sightseeing,Museum",11,966.79,5,1
Mystic Canyon,Japan,Asia,Religious,144.43,Spring,4.9,1.74,No,"Surfing,Trekking",6,866.58,5,1
Lush Plaza,Kenya,Africa,Historical,171.58,Autumn,4.7,5.08,Yes,Food Tour,3,514.74,3,0
Sacred Forest,Vietnam,Asia,Nature,172.31,Winter,4.5,9.67,No,Beach Volley,12,2067.7200000000003,4,1
Hidden Park,Brazil,South America,City,180.44,Spring,4.3,2.37,No,Skiing,12,2165.2799999999997,2,5
Mystic Temple,Egypt,Africa,Adventure,182.98,Summer,4.2,4.35,Yes,"Trekking,Skiing,Shopping",6,1097.8799999999999,0,0
Lush Falls,Greece,Europe,Religious,192.11,Summer,4.5,9.09,No,"Trekking,Food Tour",12,2305.32,5,2
Mystic Plaza,Mexico,North America,Religious,130.0,Winter,4.2,6.38,Yes,Beach Volley,4,520.0,5,3
Ancient Beach,Thailand,Asia,Beach,83.46,Summer,3.8,6.19,No,"Skiing,Surfing,Sightseeing",11,918.06,1,1
Golden Ruins,Spain,Europe,Adventure,204.61,Spring,4.1,3.11,No,"Food Tour,Trekking",7,1432.27,0,2
Sacred Temple,Peru,South America,Beach,161.98,Autumn,4.7,1.18,No,"Museum,Beach Volley",10,1619.8,1,5
Crystal Temple,Canada,North America,Historical,153.11,Autumn,4.3,3.38,No,"Museum,Skiing",13,1990.4300000000003,3,3
Sacred Temple,Canada,North America,Religious,90.61,Winter,4.4,5.99,No,"Museum,Surfing,Trekking",5,453.05,5,3
Ancient Temple,Spain,Europe,Nature,150.2,Summer,4.7,1.29,No,"Food Tour,Shopping,Beach Volley",5,751.0,4,2
Grand Park,Italy,Europe,City,73.42,Summer,4.8,8.63,No,"Trekking,Food Tour,Shopping",4,293.68,2,2
Sacred Pagoda,New Zealand,Oceania,Beach,83.29,Spring,4.4,2.32,Yes,"Beach Volley,Sightseeing",11,916.19,1,4
Hidden Park,Canada,North America,City,111.79,Autumn,4.8,7.79,No,Surfing,11,1229.69,2,3
Grand Valley,New Zealand,Oceania,City,118.29,Summer,4.2,4.92,No,Food Tour,11,1301.19,2,4
Crystal Valley,South Africa,Africa,Beach,121.48,Winter,4.1,1.92,No,"Trekking,Beach Volley,Skiing",7,850.36,1,0
Sacred Falls,Greece,Europe,Adventure,30.0,Winter,4.7,9.06,Yes,"Surfing,Beach Volley",13,390.0,0,2
Crystal Plaza,France,Europe,City,141.12,Spring,4.7,5.17,No,Museum,14,1975.68,2,2
Ancient Forest,Japan,Asia,Beach,77.17,Winter,4.4,2.4,No,Skiing,14,1080.38,1,1
Golden Forest,South Africa,Africa,City,155.35,Spring,4.4,2.99,No,Skiing,10,1553.5,2,0
Crystal Beach,Greece,Europe,Nature,170.93,Autumn,4.6,5.09,No,"Surfing,Shopping",9,1538.3700000000001,4,2
Hidden Beach,Italy,Europe,Historical,167.09,Autumn,4.5,2.41,Yes,"Surfing,Museum",12,2005.08,3,2
Golden Temple,Germany,Europe,City,115.12,Spring,4.2,2.14,No,"Surfing,Skiing",13,1496.56,2,2
Ancient Plaza,Vietnam,Asia,Beach,187.78,Summer,4.4,6.35,No,"Skiing,Trekking",3,563.34,1,1
Lush Ruins,Egypt,Africa,Religious,184.02,Summer,4.5,0.96,No,Museum,11,2024.22,5,0
Lush Forest,Brazil,South America,Religious,166.0,Summer,4.1,6.35,Yes,Surfing,7,1162.0,5,5
Crystal Temple,Mexico,North America,Religious,144.92,Spring,4.4,6.67,No,"Museum,Food Tour",11,1594.12,5,3
Serene Forest,France,Europe,Beach,198.8,Summer,4.9,3.55,No,Surfing,5,994.0,1,2
Golden Plaza,Egypt,Africa,Adventure,142.28,Summer,4.2,1.72,No,"Trekking,Beach Volley",13,1849.64,0,0
Grand Forest,China,Asia,Religious,148.17,Winter,4.7,3.51,No,Food Tour,6,889.02,5,1
Hidden Falls,Germany,Europe,Beach,149.39,Autumn,5.0,3.45,Yes,"Trekking,Food Tour",6,896.3399999999999,1,2
Serene Temple,Canada,North America,Historical,164.68,Autumn,4.6,6.89,No,"Food Tour,Sightseeing,Museum",13,2140.84,3,3
Sacred Park,Spain,Europe,Nature,154.3,Summer,4.3,7.75,Yes,"Shopping,Skiing,Sightseeing",4,617.2,4,2
Ancient Beach,Italy,Europe,Beach,131.33,Winter,4.3,8.88,No,"Sightseeing,Shopping,Beach Volley",12,1575.96,1,2
Hidden Falls,Germany,Europe,Adventure,30.0,Winter,4.1,0.57,Yes,"Food Tour,Sightseeing,Beach Volley",3,90.0,0,2
Mystic Park,Egypt,Africa,Religious,125.88,Winter,4.8,5.64,No,"Museum,Shopping",7,881.16,5,0
Ancient Canyon,China,Asia,Adventure,209.21,Summer,4.8,9.58,No,"Museum,Sightseeing",3,627.63,0,1
Hidden Temple,New Zealand,Oceania,City,30.78,Autumn,4.7,9.56,No,"Food Tour,Surfing",10,307.8,2,4
Sacred Canyon,India,Asia,Religious,81.31,Spring,4.8,1.7,No,"Beach Volley,Shopping",8,650.48,5,1
Sacred Forest,Morocco,Africa,City,129.45,Spring,4.8,6.77,No,"Food Tour,Beach Volley",12,1553.3999999999999,2,0
Lush Canyon,Greece,Europe,Beach,79.44,Spring,4.5,6.22,No,"Trekking,Museum,Skiing",6,476.64,1,2
Sacred Temple,Spain,Europe,City,143.57,Winter,4.3,5.69,No,Sightseeing,8,1148.56,2,2
Mystic Beach,Argentina,South America,Religious,229.06,Winter,4.4,8.37,Yes,Food Tour,13,2977.78,5,5
Lush Valley,Mexico,North America,Religious,158.27,Autumn,4.1,9.38,No,"Museum,Sightseeing,Beach Volley",8,1266.16,5,3
Grand Canyon,France,Europe,Adventure,164.78,Summer,4.6,3.38,Yes,Trekking,3,494.34000000000003,0,2
Grand Pagoda,Spain,Europe,Beach,97.44,Spring,3.7,2.0,No,Sightseeing,5,487.2,1,2
Serene Temple,France,Europe,Adventure,110.66,Autumn,4.3,1.29,No,"Museum,Shopping,Beach Volley",12,1327.92,0,2
Crystal Beach,China,Asia,City,156.78,Autumn,4.7,6.84,No,"Sightseeing,Beach Volley",7,1097.46,2,1
Hidden Canyon,New Zealand,Oceania,Historical,137.4,Summer,4.7,6.4,No,Shopping,11,1511.4,3,4
Grand Plaza,South Africa,Africa,City,175.23,Summer,4.7,3.83,No,Skiing,8,1401.84,2,0
Crystal Forest,Italy,Europe,Beach,180.71,Autumn,3.8,0.5,No,Sightseeing,3,542.13,1,2
Grand Pagoda,India,Asia,Adventure,112.7,Spring,4.3,2.88,Yes,"Trekking,Museum,Sightseeing",14,1577.8,0,1
Crystal Valley,Mexico,North America,City,118.94,Summer,4.8,2.32,Yes,"Museum,Food Tour,Sightseeing",4,475.76,2,3
Grand Beach,Mexico,North America,Nature,205.93,Spring,4.5,2.79,No,"Beach Volley,Museum,Shopping",13,2677.09,4,3
Crystal Park,Egypt,Africa,Historical,139.02,Spring,4.3,7.6,Yes,"Skiing,Trekking",8,1112.16,3,0
Hidden Canyon,France,Europe,Beach,215.78,Spring,4.6,9.62,No,"Museum,Beach Volley,Sightseeing",11,2373.58,1,2
Golden Pagoda,USA,North America,Adventure,173.07,Autumn,4.9,5.19,Yes,"Surfing,Beach Volley",6,1038.42,0,3
Sacred Temple,Italy,Europe,Historical,97.22,Autumn,4.4,6.83,No,Shopping,9,874.98,3,2
Sacred Falls,Thailand,Asia,Beach,182.37,Summer,4.0,6.07,Yes,"Beach Volley,Food Tour,Shopping",9,1641.33,1,1
Crystal Canyon,Spain,Europe,Adventure,211.2,Winter,4.4,3.02,Yes,Beach Volley,5,1056.0,0,2
Mystic Park,Vietnam,Asia,City,234.91,Winter,3.8,6.8,No,"Trekking,Sightseeing,Beach Volley",12,2818.92,2,1
Golden Ruins,Morocco,Africa,Beach,125.4,Winter,4.9,6.64,Yes,Surfing,9,1128.6000000000001,1,0
Golden Forest,Kenya,Africa,Nature,222.56,Autumn,4.3,0.69,No,Shopping,3,667.6800000000001,4,0
Golden Falls,Mexico,North America,Beach,146.82,Spring,4.1,8.84,No,"Shopping,Sightseeing",3,440.46,1,3
Hidden Valley,New Zealand,Oceania,Religious,188.54,Summer,4.5,5.1,No,"Sightseeing,Beach Volley,Shopping",14,2639.56,5,4
